Workout Timestamp,Live/On-Demand,Instructor Name,Length (minutes),Fitness Discipline,Type,Title,Class Timestamp,Total Output,Avg. Watts,Avg. Resistance,Avg. Cadence (RPM),Avg. Speed (mph),Distance (mi),Calories Burned,Avg. Heartrate,Avg. Incline,Avg. Pace (min/mi)
2018-01-11 00:30 (UTC),Live,Emma Lovewell,45,Cycling,Groove,45 min Groove Ride,2018-01-11 00:20 (UTC),209,77,42%,61,14.23,10.67,421,,,
2018-01-12 14:30 (UTC),Live,Ally Love,45,Cycling,Music,45 min 90s Ride,2018-01-12 14:19 (UTC),233,86,37%,75,15.15,11.36,455,,,
2018-01-16 13:00 (UTC),Live,Jenn Sherman,45,Cycling,Music,45 min 60s Rock Ride,2018-01-16 12:49 (UTC),225,84,37%,73,14.65,10.89,434,,,
2018-01-17 18:30 (UTC),Live,Ally Love,30,Cycling,Music,30 min 80s Pop Ride,2018-01-17 18:20 (UTC),154,86,36%,82,15.10,7.55,302,,,
2018-01-19 00:30 (UTC),Live,Denis Morton,45,Cycling,Music,45 min 80s Ride,2018-01-19 00:20 (UTC),263,98,41%,71,15.75,11.80,485,,,
2018-01-19 16:30 (UTC),Live,Ally Love,30,Cycling,Music,30 min Country Ride,2018-01-19 16:19 (UTC),183,102,41%,73,16.19,8.09,334,,,
2018-02-05 17:30 (UTC),Live,Jennifer Jacobs,30,Cycling,Intervals,30 min Intervals & Arms Ride,2018-02-05 17:19 (UTC),152,84,43%,62,14.42,7.20,289,,,
2018-02-10 19:00 (UTC),Live,Hannah Corbin,30,Cycling,Intervals,30 min HIIT Ride,2018-02-10 18:49 (UTC),192,107,38%,83,16.36,8.17,344,,,
2018-02-14 15:30 (UTC),Live,Jennifer Jacobs,30,Cycling,Music,30 min 80s Pop Ride,2018-02-14 15:20 (UTC),181,101,41%,74,16.16,8.06,332,,,
2018-02-14 16:05 (UTC),Live,Jennifer Jacobs,10,Cycling,Warm Up/Cool Down,10 min Cool Down Ride,2018-02-14 16:01 (UTC),46,80,36%,77,14.76,2.33,92,,,
2018-02-16 00:30 (UTC),Live,Jenn Sherman,45,Cycling,Music,45 min 70s Rock Ride,2018-02-16 00:21 (UTC),244,91,37%,78,15.17,11.36,459,,,
2018-02-17 19:00 (UTC),Live,Hannah Corbin,30,Cycling,Music,30 min Pop Ride,2018-02-17 18:50 (UTC),183,102,39%,78,16.02,7.99,331,,,
2018-02-20 00:30 (UTC),Live,Jess King,45,Cycling,Metrics,45 min Metrics Ride,2018-02-20 00:18 (UTC),265,98,40%,75,15.77,11.81,485,,,
2018-02-21 15:30 (UTC),Live,Denis Morton,30,Cycling,Intervals,30 min Intervals & Arms Ride,2018-02-21 15:19 (UTC),163,91,40%,71,15.08,7.53,307,,,
2018-02-21 16:05 (UTC),Live,Denis Morton,10,Cycling,Warm Up/Cool Down,10 min Cool Down Ride,2018-02-21 16:02 (UTC),42,71,28%,98,13.99,2.33,91,,,
2018-02-23 00:30 (UTC),Live,Denis Morton,45,Cycling,Music,45 min 80s Ride,2018-02-23 00:20 (UTC),265,98,39%,77,15.77,11.83,487,,,
2018-02-26 12:00 (UTC),Live,Emma Lovewell,45,Cycling,Music,45 min New Tracks Ride,2018-02-26 11:49 (UTC),255,94,40%,74,15.32,11.49,470,,,
2018-02-27 23:30 (UTC),Live,Jess King,45,Cycling,Music,45 min 90s Rock Ride,2018-02-27 23:19 (UTC),265,98,39%,77,15.95,11.96,491,,,
2018-02-28 15:30 (UTC),Live,Denis Morton,30,Cycling,Music,30 min Y2K Rock Ride,2018-02-28 15:19 (UTC),171,95,37%,81,15.58,7.79,320,,,
2018-02-28 16:05 (UTC),Live,Denis Morton,10,Strength,Arms & Light Weights,10 min Arms Toning,2018-02-28 16:01 (UTC),,,,,,,48,,,
2018-03-01 17:30 (UTC),Live,Emma Lovewell,30,Cycling,Music,30 min Hip Hop Ride,2018-03-01 17:20 (UTC),160,89,36%,82,15.31,7.65,308,,,
2018-03-01 18:30 (UTC),Live,Ally Love,30,Cycling,Music,30 min 80s Pop Ride,2018-03-01 18:30 (UTC),172,96,40%,74,15.76,7.88,322,,,
2018-03-02 17:30 (UTC),Live,Denis Morton,30,Cycling,Music,30 min 90s Pop Ride,2018-03-02 17:21 (UTC),173,96,40%,73,15.58,7.78,320,,,
2018-03-02 18:30 (UTC),Live,Robin Arzon,30,Cycling,Beginner,30 min Advanced Beginner Ride,2018-03-02 18:19 (UTC),161,90,38%,74,15.25,7.62,308,,,
2018-03-04 22:00 (UTC),Live,Cody Rigsby,45,Cycling,Live DJ,45 min Live DJ Ride,2018-03-04 21:50 (UTC),267,99,42%,70,15.83,11.87,490,,,
2018-03-05 23:30 (UTC),Live,Alex Toussaint,45,Cycling,Music,45 min Hip Hop Ride,2018-03-05 23:20 (UTC),271,100,41%,75,16.08,12.05,496,,,
2018-03-08 16:30 (UTC),Live,Christine D'Ercole,30,Cycling,Music,30 min 80s Ride,2018-03-08 16:19 (UTC),205,114,45%,70,16.67,8.33,357,,,
2018-03-08 17:30 (UTC),Live,Christine D'Ercole,30,Cycling,Low Impact,30 min Low Impact Ride,2018-03-08 17:18 (UTC),193,108,40%,77,16.32,8.15,343,,,
2018-03-09 12:00 (UTC),Live,Alex Toussaint,45,Cycling,Metrics,45 min Metrics Ride,2018-03-09 11:49 (UTC),334,124,44%,76,17.41,13.05,566,,,
2018-03-10 20:23 (UTC),Live,Alex Toussaint,30,Cycling,Intervals,30 min HIIT Ride,2018-03-10 20:20 (UTC),0,0,0%,0,0,0,0,,,
2018-03-10 21:15 (UTC),Live,Hannah Corbin,30,Cycling,Intervals,30 min HIIT Ride,2018-03-10 21:04 (UTC),197,110,42%,76,16.54,8.26,349,,,
2018-03-12 13:30 (UTC),Live,Christine D'Ercole,45,Cycling,Theme,45 min Crank It Up Ride,2018-03-12 13:19 (UTC),285,106,43%,71,16.30,12.17,508,,,
2018-03-13 11:00 (UTC),Live,Ally Love,45,Cycling,Music,45 min 80s Pop Ride,2018-03-13 10:49 (UTC),311,115,44%,73,16.91,12.68,541,,,
2018-03-16 11:00 (UTC),Live,Ally Love,45,Cycling,Music,45 min New Tracks Ride,2018-03-16 10:48 (UTC),271,109,41%,77,16.55,11.41,480,,,
2018-03-17 18:00 (UTC),Live,Jess King,30,Cycling,Music,30 min 80s Ride,2018-03-17 17:49 (UTC),222,123,42%,80,17.45,8.72,377,,,
2018-03-17 18:45 (UTC),Live,Jess King,30,Cycling,Beginner,30 min Advanced Beginner Ride,2018-03-17 18:36 (UTC),217,121,43%,77,17.33,8.66,371,,,
2018-03-19 11:00 (UTC),Live,Emma Lovewell,45,Cycling,Metrics,45 min Metrics Ride,2018-03-19 10:49 (UTC),297,110,42%,75,16.53,12.39,524,,,
2018-03-22 23:30 (UTC),Live,Denis Morton,45,Cycling,Music,45 min 90s Rock Ride,2018-03-22 23:19 (UTC),291,108,42%,73,16.35,12.25,516,,,
2018-03-23 11:00 (UTC),Live,Jess King,45,Cycling,Music,45 min Pop Ride,2018-03-23 10:48 (UTC),302,112,43%,72,16.62,12.47,528,,,
2018-03-24 18:00 (UTC),Live,Jess King,30,Cycling,Low Impact,30 min Low Impact Ride,2018-03-24 17:50 (UTC),212,118,40%,83,17.26,8.62,366,,,
2018-03-24 18:45 (UTC),Live,Jess King,30,Cycling,Music,30 min Pop Ride,2018-03-24 18:35 (UTC),191,106,43%,71,16.42,8.21,343,,,
2018-03-27 11:00 (UTC),Live,Ally Love,45,Cycling,Music,45 min 80s Pop Ride,2018-03-27 10:48 (UTC),313,116,45%,70,16.76,12.56,537,,,
2018-03-28 22:30 (UTC),Live,Robin Arzon,45,Cycling,Music,45 min Hip Hop Ride,2018-03-28 22:19 (UTC),296,110,44%,73,16.46,12.34,522,,,
2018-03-30 00:30 (UTC),Live,Alex Toussaint,45,Cycling,Music,45 min Pop Ride,2018-03-30 00:22 (UTC),338,125,46%,74,17.59,13.18,570,,,
2018-04-01 21:00 (UTC),Live,Cody Rigsby,45,Cycling,Live DJ,45 min Live DJ Ride,2018-04-01 20:48 (UTC),336,124,47%,68,17.49,13.11,568,,,
2018-04-03 11:00 (UTC),Live,Ally Love,45,Cycling,Music,45 min 90s Pop Ride,2018-04-03 10:50 (UTC),320,118,47%,67,17.05,12.79,549,,,
2018-04-04 22:30 (UTC),Live,Robin Arzon,45,Cycling,Music,45 min Hip Hop Ride,2018-04-04 22:21 (UTC),334,124,45%,72,17.40,13.04,567,,,
2018-04-07 18:45 (UTC),Live,Jess King,30,Cycling,Music,30 min Pop Ride,2018-04-07 18:33 (UTC),234,130,44%,77,17.93,8.96,391,,,
2018-04-07 19:30 (UTC),Live,Alex Toussaint,30,Cycling,Intervals,30 min Intervals & Arms Ride,2018-04-07 19:18 (UTC),166,92,43%,65,15.10,7.54,309,,,
2018-04-09 21:30 (UTC),Live,Robin Arzon,45,Cycling,Music,45 min Pop Ride,2018-04-09 21:20 (UTC),314,116,46%,69,16.99,12.73,543,,,
2018-04-11 17:30 (EST),Live,Hannah Corbin,45,Cycling,Metrics,45 min Metrics Ride,2018-04-11 17:20 (EST),338,125,47%,70,17.52,13.13,481,,,
2018-04-13 15:30 (UTC),Live,Hannah Corbin,30,Cycling,Theme,30 min Pick-Me-Up Ride,2018-04-13 15:19 (UTC),172,96,41%,71,15.80,7.89,322,,,
2018-04-13 12:30 (EST),Live,Denis Morton,30,Cycling,Theme,30 min Fresh Friday Ride,2018-04-13 12:19 (EST),205,114,44%,73,16.91,8.45,292,,,
2018-04-14 14:45 (EST),Live,Jess King,30,Cycling,Low Impact,30 min Low Impact Ride,2018-04-14 14:34 (EST),207,115,41%,81,17.12,8.55,295,,,
2018-04-14 15:30 (EST),Live,Alex Toussaint,30,Cycling,Music,30 min Hip Hop Ride,2018-04-14 15:19 (EST),229,127,47%,70,17.74,8.87,327,,,
2018-04-17 19:30 (EST),Live,Christine D'Ercole,45,Cycling,Intervals,45 min Intervals & Arms Ride,2018-04-17 19:19 (EST),286,106,47%,63,16.16,12.11,407,,,
2018-04-20 07:00 (EST),Live,Alex Toussaint,45,Cycling,Metrics,45  min Metrics Ride,2018-04-20 06:48 (EST),281,104,46%,64,16.20,12.14,400,,,
2018-04-24 20:30 (EST),Live,Alex Toussaint,45,Cycling,Music,45 min R&B Ride,2018-04-24 20:30 (EST),347,128,46%,73,17.77,13.32,494,,,
2018-04-25 13:30 (EST),Live,Ally Love,30,Cycling,Music,30 min 80s Pop Ride,2018-04-25 13:18 (EST),237,132,49%,68,17.93,8.95,338,,,
2018-04-27 07:00 (EST),Live,Alex Toussaint,45,Cycling,Intervals,45 min Intervals & Arms Ride,2018-04-27 06:48 (EST),292,108,47%,64,16.35,12.26,416,,,
2018-04-28 14:45 (EST),Live,Jess King,30,Cycling,Low Impact,30 min Low Impact Ride,2018-04-28 14:35 (EST),241,134,45%,77,18.20,9.09,343,,,
2018-04-28 15:30 (EST),Live,Alex Toussaint,30,Cycling,Music,30 min Hip Hop Ride,2018-04-28 15:19 (EST),210,117,46%,70,17.15,8.57,299,,,
2018-04-30 17:30 (EST),Live,Robin Arzon,45,Cycling,Music,45 min Pop Ride,2018-04-30 17:18 (EST),352,130,46%,73,17.77,13.32,502,,,
2018-05-02 19:30 (EST),Live,Emma Lovewell,45,Cycling,Intervals,45 min Intervals & Arms Ride,2018-05-02 19:18 (EST),321,119,45%,72,17.16,12.87,457,,,
2018-05-03 17:30 (EST),Live,Denis Morton,45,Cycling,Power Zone,45 min Power Zone Ride,2018-05-03 17:20 (EST),337,126,43%,77,17.71,13.17,481,,,
2018-05-07 09:30 (EST),Live,Christine D'Ercole,45,Cycling,Low Impact,45 min Low Impact Ride,2018-05-07 09:19 (EST),386,143,45%,80,18.71,14.03,550,,,
2018-05-08 07:00 (EST),Live,Ally Love,45,Cycling,Intervals,45 min Intervals & Arms Ride,2018-05-08 06:48 (EST),344,128,49%,66,17.74,13.30,490,,,
2018-05-09 17:30 (EST),Live,Hannah Corbin,45,Cycling,Music,45 min Electronic Dance/EDM Ride,2018-05-09 17:18 (EST),347,129,45%,75,17.85,13.38,495,,,
2018-05-11 11:30 (EST),Live,Hannah Corbin,30,Cycling,Theme,30 min Pick-Me-Up Ride,2018-05-11 11:19 (EST),252,140,46%,76,18.54,9.27,359,,,
2018-05-11 12:30 (EST),Live,Denis Morton,30,Cycling,Music,30 min 90s Pop Ride,2018-05-11 12:20 (EST),280,156,48%,76,19.29,9.64,399,,,
2018-05-14 23:30 (UTC),Live,Jess King,45,Cycling,Music,45 min Electronic Dance/EDM Ride,2018-05-14 23:19 (UTC),434,161,51%,73,19.55,14.66,677,,,
2018-05-15 20:30 (EST),Live,Alex Toussaint,45,Cycling,Intervals,45 min Intervals & Arms Ride,2018-05-15 20:18 (EST),336,124,46%,71,17.50,13.12,478,,,
2018-05-16 12:30 (EST),Live,Emma Lovewell,30,Cycling,Groove,30 min Groove Ride,2018-05-16 12:18 (EST),241,134,48%,69,18.06,9.03,343,,,
2018-05-16 13:30 (EST),Live,Christine D'Ercole,30,Cycling,Intervals,30 min HIIT Ride,2018-05-16 13:19 (EST),219,122,46%,70,17.40,8.70,312,,,
2018-05-18 07:00 (EST),Live,Alex Toussaint,45,Cycling,Metrics,45 min Metrics Ride,2018-05-18 06:49 (EST),383,142,48%,72,18.46,13.84,545,,,
2018-05-20 07:30 (EST),Live,Matt Wilpers,45,Cycling,Low Impact,45 min Low Impact Ride,2018-05-20 07:20 (EST),407,151,47%,80,19.09,14.31,579,,,
2018-05-21 07:00 (EST),Live,Emma Lovewell,45,Cycling,Metrics,45 min Metrics Ride,2018-05-21 06:48 (EST),331,123,46%,71,17.40,13.05,471,,,
2018-05-22 09:30 (EST),Live,Jenn Sherman,45,Cycling,Music,45 min 90s Rock Ride,2018-05-22 09:18 (EST),353,131,47%,73,17.92,13.44,504,,,
2018-05-25 16:30 (UTC),Live,Denis Morton,30,Cycling,Theme,30 min Fresh Friday Ride,2018-05-25 16:18 (UTC),254,113,42%,76,16.79,10.43,442,,,
2018-05-25 17:30 (UTC),Live,Robin Arzon,30,Cycling,Music,30 min Hip Hop Ride,2018-05-25 17:20 (UTC),225,125,44%,77,17.60,8.80,380,,,
2018-05-30 00:30 (UTC),Live,Alex Toussaint,45,Cycling,Intervals,45 min Intervals & Arms Ride,2018-05-30 00:21 (UTC),327,121,47%,70,17.28,12.95,559,,,
2018-05-30 08:00 (EST),Live,Alex Toussaint,45,Cycling,Music,45 min Pop Ride,2018-05-30 07:49 (EST),300,111,45%,69,16.73,12.55,428,,,
2018-06-05 13:30 (UTC),Live,Jenn Sherman,45,Cycling,Music,45 min 60s Rock Ride,2018-06-05 13:19 (UTC),323,120,45%,74,17.22,12.91,460,,,
2018-06-06 11:00 (UTC),Live,Jennifer Jacobs,45,Cycling,Heart Rate Zone,45 min HRZ Endurance Ride,2018-06-06 10:49 (UTC),339,126,43%,77,17.79,13.34,573,,,
2018-06-09 10:30 (EST),Live,Christine D'Ercole,60,Cycling,Heart Rate Zone,60 min HRZ Endurance Ride,2018-06-09 10:18 (EST),478,133,43%,80,18.15,18.15,680,,,
2018-06-11 07:00 (EST),Live,Emma Lovewell,45,Cycling,Metrics,45 min Metrics Ride,2018-06-11 06:49 (EST),352,130,48%,68,17.86,13.39,501,,,
2018-06-12 12:30 (EST),Live,Matt Wilpers,30,Cycling,Intervals,30 min HIIT Ride,2018-06-12 12:18 (EST),228,127,44%,76,17.77,8.88,325,,,
2018-06-12 13:30 (EST),Live,Ally Love,30,Cycling,Intervals,30 min Tabata Ride,2018-06-12 13:19 (EST),250,139,48%,70,18.41,9.19,356,,,
2018-06-13 09:30 (EST),Live,Cody Rigsby,45,Cycling,Music,45 min Y2K Ride,2018-06-13 09:19 (EST),351,130,46%,73,17.93,13.44,500,,,
2018-06-16 15:30 (EST),Live,Jennifer Jacobs,30,Cycling,Music,30 min Hip Hop Ride,2018-06-16 15:18 (EST),249,138,45%,78,18.39,9.19,354,,,
2018-06-18 08:00 (EST),Live,Matt Wilpers,45,Cycling,Power Zone,45 min Power Zone Max Ride,2018-06-18 07:49 (EST),342,127,44%,75,17.76,13.31,487,,,
2018-07-02 07:30 (EST),Live,Denis Morton,45,Cycling,Intervals,45 min Intervals & Arms Ride,2018-07-02 07:20 (EST),398,148,51%,68,18.72,14.03,568,,,
2018-07-07 19:30 (UTC),Live,Alex Toussaint,30,Cycling,Music,30 min Hip Hop Ride,2018-07-07 19:19 (UTC),238,132,45%,79,18.04,9.01,395,,,
2018-07-09 07:00 (EST),Live,Emma Lovewell,45,Cycling,Music,45 min 80s Pop Ride,2018-07-09 06:49 (EST),330,122,45%,74,17.42,13.06,470,,,
2018-07-10 09:30 (EST),Live,Jenn Sherman,45,Cycling,Music,45 min 60s Rock Ride,2018-07-10 09:18 (EST),360,133,48%,69,18.04,13.53,513,,,
2018-07-13 10:30 (EST),Live,Emma Lovewell,20,Cycling,Intervals,20 min HIIT Ride,2018-07-13 10:18 (EST),173,144,46%,78,18.64,6.21,247,,,
2018-07-13 10:55 (EST),Live,Emma Lovewell,20,Cycling,Groove,20 min Groove Ride,2018-07-13 10:51 (EST),166,139,45%,78,18.29,6.09,237,,,
2018-07-16 09:30 (EST),Live,Christine D'Ercole,45,Cycling,Heart Rate Zone,45 min HRZ Endurance Ride,2018-07-16 09:19 (EST),297,110,39%,84,16.83,12.61,423,,,
2018-07-17 06:00 (EST),Live,Robin Arzon,45,Cycling,Intervals,45 min Tabata Ride,2018-07-17 05:49 (EST),406,150,49%,72,18.84,14.13,578,,,
2018-07-20 07:00 (EST),Live,Denis Morton,45,Cycling,Intervals,45 min Intervals Ride,2018-07-20 06:56 (EST),156,137,46%,77,18.26,5.79,222,,,
2018-07-23 12:30 (EST),Live,Jennifer Jacobs,30,Cycling,Music,30 min 90s Pop Ride,2018-07-23 12:19 (EST),267,148,48%,75,18.80,9.40,380,,,
2018-07-24 09:30 (EST),Live,Jenn Sherman,45,Cycling,Music,45 min 80s Rock Ride,2018-07-24 09:19 (EST),357,132,46%,75,18.01,13.50,509,,,
2018-07-25 10:30 (EST),Live,Jenn Sherman,30,Cycling,Low Impact,30 min Low Impact Ride,2018-07-25 10:19 (EST),238,132,44%,79,18.02,9.01,339,,,
2018-07-25 11:05 (EST),Live,Jenn Sherman,10,Strength,Arms & Light Weights,10 min Arms Toning,2018-07-25 11:03 (EST),,,,,,,75,,,
2018-07-31 20:30 (EST),Live,Alex Toussaint,45,Cycling,Intervals,45 min Intervals & Arms Ride,2018-07-31 20:19 (EST),345,128,47%,69,17.58,13.18,491,,,
2018-08-02 19:30 (EST),Live,Jennifer Jacobs,45,Cycling,Music,45 min Electronic Dance/EDM Ride,2018-08-02 19:20 (EST),396,147,48%,74,18.74,14.04,565,,,
2018-08-04 14:00 (EST),Live,Hannah Corbin,30,Cycling,Low Impact,30 min Low Impact Ride,2018-08-04 13:48 (EST),229,127,45%,75,17.86,8.92,326,,,
2018-08-04 14:45 (EST),Live,Christine D'Ercole,30,Cycling,Intervals,30 min Intervals & Arms Ride,2018-08-04 14:34 (EST),237,132,45%,74,17.84,8.91,338,,,
2018-08-13 10:30 (EST),Live,Jennifer Jacobs,30,Cycling,Intervals,30 min HIIT Ride,2018-08-13 10:18 (EST),225,125,47%,66,17.38,8.68,321,,,
2018-08-13 11:05 (EST),Live,Jennifer Jacobs,10,Cycling,Low Impact,10 min Low Impact Ride,2018-08-13 11:02 (EST),69,115,41%,79,17.17,2.85,98,,,
2018-08-16 20:30 (EST),Live,Alex Toussaint,45,Cycling,Music,45 min New Tracks Ride,2018-08-16 20:19 (EST),369,137,46%,76,18.26,13.69,526,,,
2018-08-17 12:30 (EST),Live,Denis Morton,30,Cycling,Music,30 min 80s Pop Ride,2018-08-17 12:19 (EST),252,140,47%,73,18.36,9.17,358,,,
2018-08-17 13:30 (EST),Live,Robin Arzon,30,Cycling,Intervals,30 min HIIT Ride,2018-08-17 13:19 (EST),205,114,46%,68,16.84,8.42,291,,,
2018-08-21 12:30 (EST),Live,Denis Morton,30,Cycling,Intervals,30 min HIIT Ride,2018-08-21 12:18 (EST),259,144,49%,72,18.49,9.24,369,,,
2018-08-21 13:30 (EST),Live,Ally Love,30,Cycling,Intervals,30 min Intervals & Arms Ride,2018-08-21 13:19 (EST),200,111,47%,64,16.62,8.31,285,,,
2018-08-28 10:33 (EST),Live,Matt Wilpers,30,Cycling,Music,30 min Pop Ride,2018-08-28 10:19 (EST),226,142,50%,69,18.43,8.16,321,,,
2018-08-28 11:05 (EST),Live,Matt Wilpers,10,Cycling,Climb,10 min Climb Ride,2018-08-28 11:02 (EST),94,156,54%,62,19.28,3.21,133,,,
2018-08-31 13:30 (EST),Live,Hannah Corbin,30,Cycling,Intervals,30 min HIIT Ride,2018-08-31 13:20 (EST),237,131,44%,76,17.95,9.00,338,,,
2018-09-04 11:30 (EST),Live,Ally Love,30,Cycling,Intervals,30 min HIIT Ride,2018-09-04 11:18 (EST),282,157,51%,71,19.31,9.65,402,,,
2018-09-13 08:00 (EST),Live,Emma Lovewell,45,Cycling,Music,45 min 90s Ride,2018-09-13 07:53 (EST),363,135,46%,74,18.11,13.58,518,,,
2018-09-16 14:45 (EST),Live,Matt Wilpers,30,Cycling,Beginner,30 min Advanced Beginner Ride,2018-09-16 14:34 (EST),225,125,43%,78,17.66,8.82,320,,,
2018-09-18 06:00 (EST),Live,Robin Arzon,45,Cycling,Intervals,45 min Tabata Ride,2018-09-18 05:49 (EST),347,130,47%,70,17.87,13.25,494,,,
2018-09-19 11:30 (EST),Live,Cody Rigsby,30,Cycling,Intervals,30 min Intervals & Arms Ride,2018-09-19 11:20 (EST),229,128,46%,73,17.70,8.84,327,,,
2018-09-19 12:30 (EST),Live,Ally Love,30,Cycling,Music,30 min Y2K Pop Ride,2018-09-19 12:21 (EST),249,138,45%,80,18.39,9.19,355,,,
2018-09-28 11:30 (EST),Live,Hannah Corbin,30,Cycling,Theme,30 min Pick-Me-Up Ride,2018-09-28 11:18 (EST),198,110,43%,72,16.79,8.39,282,,,
2018-09-30 14:45 (EST),Live,Matt Wilpers,30,Cycling,Intervals,30 min Intervals & Arms Ride,2018-09-30 14:33 (EST),242,134,48%,69,18.09,9.04,344,,,
2018-10-04 20:30 (EST),Live,Alex Toussaint,45,Cycling,Music,45 min Pop Ride,2018-10-04 20:20 (EST),382,141,46%,76,18.48,13.88,544,,,
2018-10-08 12:30 (EST),Live,Jennifer Jacobs,30,Cycling,Music,30 min 80s Rock Ride,2018-10-08 12:19 (EST),252,140,48%,70,18.39,9.19,359,,,
2018-10-09 19:30 (EST),Live,Jennifer Jacobs,45,Cycling,Music,45 min Electronic Dance/EDM Ride,2018-10-09 19:19 (EST),488,181,52%,74,20.27,15.19,695,,,
2018-10-11 11:30 (EST),Live,Emma Lovewell,30,Cycling,Music,30 min New Tracks Ride,2018-10-11 11:19 (EST),229,127,44%,75,17.63,8.81,326,,,
2018-10-17 09:30 (EST),Live,Ally Love,20,Cycling,Climb,20 min Climb Ride,2018-10-17 09:23 (EST),207,173,52%,73,20.01,6.66,295,,,
2018-10-17 09:55 (EST),Live,Ally Love,20,Cycling,Music,20 min Pop Ride,2018-10-17 09:51 (EST),202,169,48%,79,19.79,6.59,288,,,
2018-10-18 11:30 (EST),Live,Emma Lovewell,30,Cycling,Climb,30 min Climb Ride,2018-10-18 11:21 (EST),250,139,51%,65,18.33,9.16,356,,,
2018-10-19 12:30 (EST),Live,Denis Morton,30,Cycling,Music,30 min 80s Pop Ride,2018-10-19 12:17 (EST),237,132,46%,74,17.90,8.94,337,,,
2018-10-19 13:30 (EST),Live,Robin Arzon,30,Cycling,Intervals,30 min HIIT Ride,2018-10-19 13:20 (EST),248,138,48%,72,18.18,9.09,354,,,
2018-10-20 14:45 (EST),Live,Hannah Corbin,30,Cycling,Music,30 min 70s Ride,2018-10-20 14:33 (EST),270,150,47%,76,19.01,9.50,385,,,
2018-10-20 15:30 (EST),Live,Alex Toussaint,30,Cycling,Intervals,30 min HIIT Ride,2018-10-20 15:30 (EST),280,156,46%,81,19.17,9.58,399,,,
2018-10-22 20:30 (EST),Live,Cody Rigsby,45,Cycling,Music,45 min New Tracks Ride,2018-10-22 20:19 (EST),316,117,46%,69,17.12,12.83,449,,,
2018-10-24 19:30 (EST),Live,Cody Rigsby,45,Cycling,Music,45 min Pop Ride,2018-10-24 19:19 (EST),376,139,49%,69,18.32,13.74,533,,,
2018-10-31 12:30 (EST),Live,Emma Lovewell,30,Cycling,Music,30 min Pop Ride,2018-10-31 12:19 (EST),222,124,43%,78,17.42,8.70,316,,,
2018-10-31 13:30 (EST),Live,Alex Toussaint,30,Cycling,Music,30 min 90s Ride,2018-10-31 13:19 (EST),227,126,43%,81,17.63,8.86,322,,,
2018-11-03 14:45 (EST),Live,Jennifer Jacobs,30,Cycling,Music,30 min 70s Pop Ride,2018-11-03 14:34 (EST),341,189,49%,81,20.81,10.41,484,,,
2018-11-07 13:30 (EST),Live,Alex Toussaint,30,Cycling,Intervals,30 min Tabata Ride,2018-11-07 13:23 (EST),320,177,49%,80,20.23,10.13,454,,,
2018-11-09 09:30 (EST),Live,Denis Morton,20,Cycling,Music,20 min 90s Pop Ride,2018-11-09 09:19 (EST),160,133,46%,75,17.99,6.00,228,,,
2018-11-09 09:55 (EST),Live,Denis Morton,20,Cycling,Climb,20 min Climb Ride,2018-11-09 09:52 (EST),157,130,46%,74,17.89,5.96,222,,,
2018-11-10 14:45 (EST),Live,Jennifer Jacobs,30,Cycling,Music,30 min Classic Rock Ride,2018-11-10 14:33 (EST),263,146,49%,73,18.78,9.38,373,,,
2018-11-14 12:30 (EST),Live,Emma Lovewell,30,Cycling,Music,30 min 90s Pop Ride,2018-11-14 12:18 (EST),286,159,46%,83,19.28,9.63,406,,,
2018-11-14 13:30 (EST),Live,Alex Toussaint,30,Cycling,Beginner,30 min Advanced Beginner Ride,2018-11-14 13:20 (EST),297,165,46%,83,19.72,9.85,422,,,
2018-11-17 15:30 (EST),Live,Alex Toussaint,30,Cycling,Music,30 min Hip Hop Ride,2018-11-17 15:19 (EST),245,136,45%,78,18.16,9.08,348,,,
2018-11-18 14:45 (EST),Live,Matt Wilpers,30,Cycling,Power Zone,30 min Power Zone Ride,2018-11-18 14:34 (EST),226,126,44%,76,17.75,8.88,322,,,
2018-11-20 11:30 (EST),Live,Ally Love,30,Cycling,Music,30 min New Tracks Ride,2018-11-20 11:19 (EST),325,181,51%,76,20.36,10.17,461,,,
2018-11-21 18:30 (EST),Live,Robin Arzon,45,Cycling,Music,45 min Hip Hop Ride,2018-11-21 18:23 (EST),336,125,43%,77,17.48,13.11,478,,,
2018-11-30 13:30 (EST),Live,Robin Arzon,30,Cycling,Intervals,30 min HIIT Ride,2018-11-30 13:19 (EST),262,145,47%,75,18.70,9.34,371,,,
2018-12-05 13:30 (EST),Live,Alex Toussaint,30,Cycling,Low Impact,30 min Low Impact Ride,2018-12-05 13:18 (EST),261,145,45%,78,18.70,9.35,371,,,
2018-12-10 12:30 (EST),Live,Jennifer Jacobs,30,Cycling,Music,30 min 80s Rock Ride,2018-12-10 12:19 (EST),272,151,47%,75,19.09,9.54,387,,,
2018-12-10 13:30 (EST),Live,Emma Lovewell,30,Cycling,Intervals,30 min Intervals & Arms Ride,2018-12-10 13:23 (EST),227,126,45%,73,17.55,8.77,323,,,
2018-12-17 11:30 (EST),Live,Alex Toussaint,30,Cycling,Intervals,30 min HIIT Ride,2018-12-17 11:20 (EST),248,138,43%,83,18.21,9.09,352,,,
2018-12-18 06:00 (EST),Live,Robin Arzon,45,Cycling,Intervals,45 min Tabata Ride,2018-12-18 05:48 (EST),355,131,45%,76,17.90,13.43,504,,,
2018-12-19 13:30 (EST),Live,Alex Toussaint,30,Cycling,Intervals,30 min Intervals & Arms Ride,2018-12-19 13:20 (EST),231,128,44%,77,17.68,8.83,328,,,
2018-12-21 17:45 (EST),Live,Robin Arzon,45,Cycling,Live DJ,45 min Live DJ Ride,2018-12-21 17:36 (EST),369,137,49%,69,18.15,13.61,524,,,
2018-12-23 14:45 (EST),Live,Robin Arzon,30,Cycling,Music,30 min Hip Hop Ride,2018-12-23 14:34 (EST),277,154,48%,78,19.16,9.57,393,,,
2018-12-29 14:45 (EST),Live,Jess King,30,Cycling,Low Impact,30 min Low Impact Ride,2018-12-29 14:34 (EST),243,135,45%,78,18.27,9.14,346,,,
2019-01-02 08:00 (EST),Live,Cody Rigsby,45,Cycling,Music,45 min 90s Pop Ride,2019-01-02 07:50 (EST),333,123,43%,78,17.50,13.12,473,,,
2019-01-03 11:30 (EST),Live,Robin Arzon,30,Cycling,Music,30 min Hip Hop Ride,2019-01-03 11:20 (EST),258,143,47%,75,18.64,9.31,366,,,
2019-01-04 09:30 (EST),Live,Denis Morton,20,Cycling,Music,20 min 80s Ride,2019-01-04 09:19 (EST),105,88,38%,75,15.21,5.06,149,,,
2019-01-04 09:55 (EST),Live,Denis Morton,20,Cycling,Low Impact,20 min Low Impact Ride,2019-01-04 09:52 (EST),86,72,34%,77,14.04,4.67,123,,,
2019-01-06 18:00 (EST),Live,Ally Love,45,Cycling,Live DJ,45 min Live DJ Ride,2019-01-06 17:48 (EST),277,103,42%,72,16.17,12.13,393,,,
2019-01-07 18:30 (EST),Live,Alex Toussaint,45,Cycling,Music,45 min Hip Hop Ride,2019-01-07 18:19 (EST),347,129,43%,80,17.87,13.39,493,,,
2019-01-08 17:30 (EST),Live,Robin Arzon,45,Cycling,Intervals,45 min Tabata Ride,2019-01-08 17:19 (EST),374,139,46%,76,18.29,13.71,531,,,
2019-01-09 08:26 (EST),Live,Aditi Shah,30,Yoga,Flow,30 min Yoga Flow,2019-01-09 08:20 (EST),,,,,,,,,,
2019-01-09 10:30 (EST),Live,Jenn Sherman,30,Cycling,Music,30 min 90s Pop Ride,2019-01-09 10:19 (EST),240,134,45%,80,18.15,9.07,342,,,
2019-01-09 11:05 (EST),Live,Jenn Sherman,10,Cycling,Warm Up/Cool Down,10 min Cool Down Ride,2019-01-09 11:01 (EST),62,102,37%,86,16.30,2.72,88,,,
2019-01-10 19:30 (EST),Live,Jess King,45,Cycling,Music,45 min Pop Ride,2019-01-10 19:18 (EST),343,127,44%,77,17.72,13.28,487,,,
2019-01-11 08:00 (EST),Live,Jennifer Jacobs,45,Cycling,Music,45 min 80s Ride,2019-01-11 07:49 (EST),342,127,46%,72,17.74,13.31,486,,,
2019-01-12 18:00 (EST),Live,Hannah Corbin,45,Cycling,Music,45 min Country Ride,2019-01-12 17:48 (EST),375,139,46%,76,18.43,13.82,532,,,
2019-01-13 09:13 (EST),Live,Kristin McGee,45,Yoga,Flow,45 min Yoga Flow,2019-01-13 09:19 (EST),,,,,,,,,,
2019-01-13 18:00 (EST),Live,Emma Lovewell,45,Cycling,Live DJ,45 min Live DJ Ride,2019-01-13 17:49 (EST),316,117,43%,75,17.18,12.89,449,,,
2019-01-14 07:00 (EST),Live,Rebecca Kennedy,20,Tread Bootcamp,Body Focus,20 min Bootcamp: Arms & Shoulders,2019-01-14 06:50 (EST),109,,,,4.01,0.67,104,,1.90,14:58
2019-01-14 07:25 (EST),Live,Rebecca Kennedy,20,Running,Music,20 min Pop Fun Run,2019-01-14 07:22 (EST),238,,,,4.58,1.52,181,,1.21,13:06
2019-01-15 06:00 (EST),Live,Ally Love,45,Cycling,Intervals,45 min Tabata Ride,2019-01-15 05:48 (EST),317,117,43%,75,17.14,12.86,450,,,
2019-01-17 18:20 (EST),Live,Aditi Shah,45,Yoga,Flow,45 min Yoga Flow,2019-01-17 18:50 (EST),,,,,,,,,,
2019-01-19 17:00 (EST),Live,Alex Toussaint,45,Cycling,Theme,45 min Club Bangers Ride,2019-01-19 16:49 (EST),331,123,44%,76,17.48,13.10,471,,,
2019-01-20 09:12 (EST),Live,Kristin McGee,45,Yoga,Flow,45 min Yoga Flow,2019-01-20 09:20 (EST),,,,,,,,,,
2019-01-20 18:00 (EST),Live,Emma Lovewell,45,Cycling,Live DJ,45 min Live DJ Ride,2019-01-20 17:49 (EST),330,122,43%,77,17.36,13.02,469,,,
2019-01-22 17:30 (EST),Live,Robin Arzon,45,Cycling,Intervals,45 min Tabata Ride,2019-01-22 17:19 (EST),363,134,48%,70,18.00,13.50,515,,,
2019-01-24 19:30 (EST),Live,Jess King,45,Cycling,Music,45 min Electronic Dance/EDM Ride,2019-01-24 19:21 (EST),337,125,45%,72,17.52,13.14,479,,,
2019-01-28 20:30 (EST),Live,Alex Toussaint,45,Cycling,Music,45 min Pop Ride,2019-01-28 20:19 (EST),352,131,45%,77,17.89,13.41,500,,,
2019-01-30 17:30 (EST),Live,Emma Lovewell,45,Cycling,Music,45 min New Tracks Ride,2019-01-30 17:30 (EST),284,105,43%,70,16.36,12.26,403,,,
2019-01-31 19:30 (EST),Live,Jess King,45,Cycling,Music,45 min 90s Pop Ride,2019-01-31 19:19 (EST),341,126,43%,78,17.61,13.21,485,,,
2019-02-04 17:16 (EST),Live,Kristin McGee,30,Yoga,Focus Flow,30 min Yoga Flow: Core,2019-02-04 17:20 (EST),,,,,,,,,,
2019-02-04 19:30 (EST),Live,Jennifer Jacobs,45,Cycling,Music,45 min 90s Rock Ride,2019-02-04 19:19 (EST),318,118,41%,80,17.22,12.91,451,,,
2019-02-05 17:30 (EST),Live,Robin Arzon,45,Cycling,Intervals,45 min Tabata Ride,2019-02-05 17:19 (EST),419,155,47%,79,19.14,14.35,595,,,
2019-02-08 19:00 (EST),Live,Denis Morton,45,Cycling,Music,45 min Pop Ride,2019-02-08 18:48 (EST),357,132,46%,74,17.95,13.45,507,,,
2019-02-10 10:52 (EST),Live,Anna Greenberg,60,Yoga,Power,60 min Power Yoga,2019-02-10 10:49 (EST),,,,,,,,,,
2019-02-12 17:30 (EST),Live,Rebecca Kennedy,45,Tread Bootcamp,Music,45 min Pop Bootcamp,2019-02-12 17:19 (EST),304,,,,5.24,1.98,274,,0.99,11:27
2019-02-17 09:00 (EST),Live,Emma Lovewell,45,Cycling,Groove,45 min Groove Ride,2019-02-17 08:48 (EST),359,133,47%,73,17.96,13.47,509,,,
2019-02-18 18:30 (EST),Live,Jennifer Jacobs,45,Cycling,Intervals,45 min Intervals & Arms Ride,2019-02-18 18:19 (EST),326,121,43%,74,17.07,12.80,464,,,
2019-02-19 19:30 (EST),Live,Christine D'Ercole,45,Cycling,Heart Rate Zone,45 min HRZ Max Capacity,2019-02-19 19:19 (EST),311,115,40%,81,16.88,12.66,441,,,
2019-02-21 19:30 (EST),Live,Jess King,45,Cycling,Music,45 min Electronic Dance/EDM Ride,2019-02-21 19:18 (EST),282,104,41%,74,16.11,12.08,400,,,
2019-02-25 17:30 (EST),Live,Robin Arzon,45,Running,Intervals,45 min Intervals Run,2019-02-25 17:18 (EST),575,,,,5.14,3.86,436,,0.13,11:40
2019-02-28 17:30 (EST),Live,Jenn Sherman,45,Cycling,Theme,45 min My Mixtape Ride,2019-02-28 17:19 (EST),340,126,46%,72,17.55,13.16,483,,,
2019-03-05 12:30 (EST),Live,Jess King,30,Cycling,Low Impact,30 min Low Impact Ride,2019-03-05 12:18 (EST),268,149,42%,88,18.93,9.46,381,,,
2019-03-10 18:00 (EST),Live,Emma Lovewell,45,Cycling,Live DJ,45 min Live DJ Ride,2019-03-10 17:49 (EST),321,119,45%,71,17.10,12.82,456,,,
2019-03-11 08:30 (EST),Live,Aditi Shah,30,Yoga,Focus Flow,30 min Yoga Flow: Core,2019-03-11 08:20 (EST),,,,,,,,,,
2019-03-11 20:30 (EST),Live,Jenn Sherman,45,Cycling,Music,45 min Y2K Ride,2019-03-11 20:19 (EST),361,134,46%,76,18.11,13.58,513,,,
2019-03-12 17:30 (EST),Live,Robin Arzon,45,Cycling,Intervals,45 min Tabata Ride,2019-03-12 17:20 (EST),413,153,48%,73,18.99,14.25,587,,,
2019-03-13 17:30 (EST),Live,Cody Rigsby,45,Cycling,Music,45 min Y2K Hip Hop Ride,2019-03-13 17:20 (EST),347,129,44%,77,17.67,13.24,493,,,
2019-03-14 17:30 (EST),Live,Jenn Sherman,45,Cycling,Music,45 min 80s Hip Hop Ride,2019-03-14 17:19 (EST),310,115,46%,69,16.81,12.61,441,,,
2019-03-15 19:00 (EST),Live,Hannah Corbin,45,Cycling,Music,45 min Disco Ride,2019-03-15 18:49 (EST),301,111,42%,75,16.71,12.53,427,,,
2019-03-17 18:00 (EST),Live,Emma Lovewell,45,Cycling,Live DJ,45 min Live DJ Ride,2019-03-17 17:49 (EST),285,106,41%,74,16.26,12.19,405,,,
2019-03-19 17:30 (EST),Live,Robin Arzon,45,Cycling,Intervals,45 min Tabata Ride,2019-03-19 17:18 (EST),342,127,47%,68,17.56,13.16,485,,,
2019-03-20 17:30 (EST),Live,Emma Lovewell,45,Cycling,Music,45 min Electronic Dance/EDM Ride,2019-03-20 17:19 (EST),318,118,45%,70,17.12,12.84,452,,,
2019-03-21 19:30 (EST),Live,Jess King,45,Cycling,Music,45 min Electronic Dance/EDM Ride,2019-03-21 19:19 (EST),274,102,40%,75,16.01,12.00,389,,,
2019-03-22 19:00 (EST),Live,Denis Morton,45,Cycling,Music,45 min 90s Hip Hop Ride,2019-03-22 18:49 (EST),276,102,41%,75,16.12,12.09,392,,,
2019-03-24 18:00 (EST),Live,Emma Lovewell,45,Cycling,Live DJ,45 min Live DJ Ride,2019-03-24 17:49 (EST),331,123,45%,73,17.41,13.06,470,,,
2019-03-27 17:30 (EST),Live,Emma Lovewell,45,Cycling,Groove,45 min Groove Ride,2019-03-27 17:18 (EST),399,148,47%,76,18.81,14.09,567,,,
2019-04-03 19:30 (EST),Live,Cody Rigsby,45,Cycling,Music,45 min Pop Ride,2019-04-03 19:18 (EST),389,144,47%,76,18.56,13.92,553,,,
2019-04-04 17:30 (EST),Live,Jenn Sherman,45,Cycling,Theme,45 min My Mixtape Ride,2019-04-04 17:19 (EST),308,114,45%,71,16.86,12.64,437,,,
2019-04-11 10:30 (EST),Live,Ally Love,20,Cycling,Intervals,20 min HIIT Ride,2019-04-11 10:19 (EST),183,153,48%,75,19.02,6.34,260,,,
2019-04-11 10:55 (EST),Live,Ally Love,20,Cycling,Music,20 min Hip Hop Ride,2019-04-11 10:52 (EST),148,124,42%,78,17.46,5.81,210,,,
2019-04-15 10:30 (EST),Live,Emma Lovewell,30,Cycling,Music,30 min Electronic Dance/EDM Ride,2019-04-15 10:19 (EST),223,124,45%,73,17.45,8.72,317,,,
2019-04-15 11:05 (EST),Live,Emma Lovewell,10,Strength,Arms & Light Weights,10 min Arms Toning,2019-04-15 11:02 (EST),,,,,,,53,,,
2019-04-24 19:30 (EST),Live,Cody Rigsby,45,Cycling,Music,45 min Pop Ride,2019-04-24 19:19 (EST),330,122,44%,75,17.32,12.98,468,,,
2019-04-26 17:45 (EST),Live,Robin Arzon,45,Cycling,Live DJ,45 min Live DJ Ride,2019-04-26 17:34 (EST),338,125,46%,70,17.48,13.11,480,,,
2019-04-30 17:30 (EST),Live,Robin Arzon,45,Cycling,Intervals,45 min Tabata Ride,2019-04-30 17:19 (EST),395,146,50%,70,18.56,13.91,561,,,
2019-05-01 17:30 (EST),Live,Emma Lovewell,45,Cycling,Music,45 min Pop Ride,2019-05-01 17:18 (EST),325,121,46%,69,17.22,12.91,462,,,
2019-05-02 18:30 (EST),Live,Cody Rigsby,45,Cycling,Music,45 min EDM/Electronic Dance Ride,2019-05-02 18:18 (EST),329,122,46%,70,17.37,13.02,467,,,
2019-05-15 19:30 (EST),Live,Cody Rigsby,45,Cycling,Music,45 min Pop Ride,2019-05-15 19:19 (EST),352,131,45%,76,17.89,13.41,501,,,
2019-05-16 17:30 (EST),Live,Jenn Sherman,45,Cycling,Music,45 min Classic Rock Ride,2019-05-16 17:18 (EST),333,123,44%,75,17.49,13.11,473,,,
2019-05-17 17:45 (EST),Live,Robin Arzon,45,Cycling,Live DJ,45 min Live DJ Ride,2019-05-17 17:35 (EST),296,110,45%,69,16.15,12.11,420,,,
2019-05-20 18:30 (EST),Live,Alex Toussaint,45,Cycling,Music,45 min Hip Hop Ride,2019-05-20 18:19 (EST),310,115,44%,73,17.00,12.75,440,,,
2019-05-23 17:30 (EST),Live,Jess King,45,Cycling,Low Impact,45 min Low Impact Ride,2019-05-23 17:18 (EST),310,115,42%,77,17.00,12.75,441,,,
2019-05-24 17:45 (EST),Live,Matt Wilpers,45,Cycling,Live DJ,45 min Live DJ Ride,2019-05-24 17:35 (EST),327,121,45%,72,17.25,12.93,465,,,
2019-05-28 17:30 (EST),Live,Robin Arzon,45,Cycling,Intervals,45 min Tabata Ride,2019-05-28 17:18 (EST),394,146,46%,76,18.58,13.93,559,,,
2019-05-31 17:45 (EST),Live,Robin Arzon,45,Cycling,Live DJ,45 min Live DJ Ride,2019-05-31 17:34 (EST),394,146,47%,77,18.56,13.91,559,,,
2019-06-06 18:30 (EST),Live,Cody Rigsby,45,Cycling,Intervals,45 min Intervals & Arms Ride,2019-06-06 18:19 (EST),318,118,45%,71,16.79,12.60,452,,,
2019-06-10 10:30 (EST),Live,Emma Lovewell,30,Cycling,Music,30 min Pop Ride,2019-06-10 10:18 (EST),225,125,44%,76,17.57,8.78,320,,,
2019-06-10 11:05 (EST),Live,Emma Lovewell,10,Strength,Arms & Light Weights,10 min Arms Toning,2019-06-10 11:01 (EST),,,,,,,53,,,
2019-06-14 10:30 (EST),Live,Matt Wilpers,30,Cycling,Intervals,30 min Intervals & Arms Ride,2019-06-14 10:18 (EST),221,123,46%,69,17.18,8.59,314,,,
2019-06-14 11:05 (EST),Live,Matt Wilpers,10,Strength,Arms & Light Weights,10 min Arms Toning,2019-06-14 11:01 (EST),,,,,,,53,,,
2019-06-26 18:47 (EST),On Demand,Alex Toussaint,30,Cycling,Intervals,30 min HIIT Ride,2019-01-22 11:19 (EST),257,143,44%,82,18.44,9.21,365,,,
2019-07-13 14:45 (EST),Live,Christine D'Ercole,30,Cycling,Climb,30 min Climb Ride,2019-07-13 14:34 (EST),273,152,44%,84,19.01,9.50,388,,,
2019-07-16 17:30 (EST),Live,Christine D'Ercole,45,Cycling,Music,45 min Classic Rock Ride,2019-07-16 17:18 (EST),238,88,37%,79,15.19,11.38,339,,,
2019-07-26 11:30 (EST),Live,Hannah Corbin,30,Cycling,Intervals,30 min Tabata Ride,2019-07-26 11:17 (EST),234,130,42%,80,17.85,8.92,332,,,
2019-08-03 14:45 (EST),Live,Alex Toussaint,30,Cycling,Music,30 min Hip Hop Ride,2019-08-03 14:35 (EST),228,127,43%,79,17.65,8.82,324,,,
2019-08-13 11:30 (EST),Live,Robin Arzon,30,Cycling,Music,30 min Pop Ride,2019-08-13 11:18 (EST),199,111,42%,76,16.71,8.35,283,,,
2019-10-20 16:30 (EST),Live,Tunde Oyeneyin,30,Cycling,Music,30 min 80s Ride,2019-10-20 16:18 (EST),202,112,42%,76,16.78,8.38,287,,,
2019-10-22 12:30 (EST),Live,Jess King,30,Cycling,Music,30 min 80s Rock Ride,2019-10-22 12:17 (EST),258,143,45%,80,18.57,9.28,365,,,
2019-10-25 12:30 (EST),Live,Robin Arzon,30,Cycling,Intervals,30 min HIIT Ride,2019-10-25 12:18 (EST),232,129,44%,78,17.62,8.80,329,,,
2019-10-31 21:00 (EST),Live,Matt Wilpers,30,Cycling,Live DJ,30 min BOO-Tacular DJ Ride,2019-10-31 20:47 (EST),201,112,43%,73,16.74,8.36,284,,,
2019-11-02 16:30 (EST),Live,Alex Toussaint,30,Cycling,Music,30 min Hip Hop Ride,2019-11-02 16:17 (EST),206,115,41%,81,16.99,8.50,292,,,
2019-11-05 20:30 (EST),Live,Alex Toussaint,30,Cycling,Intervals,30 min Tabata Ride,2019-11-05 20:19 (EST),223,124,40%,85,17.50,8.75,316,,,
2019-11-06 20:30 (EST),Live,Tunde Oyeneyin,45,Cycling,Intervals,45 min Tabata Ride,2019-11-06 20:18 (EST),378,140,46%,76,18.40,13.80,535,,,
2019-11-07 21:00 (EST),Live,Jess King,30,Cycling,Theme,30 min The Jess King Experience,2019-11-07 20:48 (EST),223,124,43%,78,17.52,8.75,316,,,
2019-11-11 19:08 (EST),On Demand,Jess Sims,10,Cardio,HIIT,10 min HIIT Cardio,2019-11-07 07:33 (EST),,,,,,,63,,,
2019-11-11 20:30 (EST),Live,Denis Morton,45,Cycling,Music,45 min Pop Ride,2019-11-11 20:19 (EST),356,132,44%,77,17.87,13.39,505,,,
2019-11-11 22:31 (EST),On Demand,Chase Tucker,5,Stretching,Pre & Post-Run Stretch,5 min Post-Run Stretch,2019-11-05 16:36 (EST),,,,,,,13,,,
2019-11-12 15:31 (EST),On Demand,Rebecca Kennedy,10,Cardio,HIIT,10 min HIIT Cardio,2019-09-24 18:02 (EST),,,,,,,17,,,
2019-11-12 15:35 (EST),On Demand,Jess Sims,10,Cardio,HIIT,10 min HIIT Cardio,2019-09-19 07:32 (EST),,,,,,,63,,,
2019-11-13 21:07 (EST),On Demand,Becs Gentry,5,Stretching,Pre & Post-Run Stretch,5 min Pre-Run Warm Up,2019-10-28 15:23 (EST),,,,,,,13,,,
2019-11-13 21:12 (EST),On Demand,Christine D'Ercole,5,Stretching,Lower Body Stretch,5 min Glutes & Legs Stretch,2019-10-24 13:30 (EST),,,,,,,26,,,
2019-11-13 21:22 (EST),On Demand,Emma Lovewell,5,Strength,Core,5 min Core Strength,2019-03-19 15:38 (EST),,,,,,,26,,,
2019-11-13 21:29 (EST),On Demand,Emma Lovewell,5,Strength,Core,5 min Core Strength,2019-05-27 09:00 (EST),,,,,,,26,,,
2019-11-13 21:36 (EST),On Demand,Ally Love,5,Stretching,Full Body Stretch,5 min Full Body Stretch,2019-11-04 09:28 (EST),,,,,,,13,,,
2019-11-18 16:12 (EST),On Demand,Selena Samuela,10,Stretching,Pre & Post-Run Stretch,10 min Pre-Run Warm Up,2019-11-06 13:57 (EST),,,,,,,52,,,
2019-11-20 17:25 (EST),On Demand,Olivia Amato,10,Stretching,Pre & Post-Run Stretch,10 min Pre-Run Warm Up,2019-10-17 15:54 (EST),,,,,,,26,,,
2019-11-20 17:46 (EST),On Demand,Robin Arzon,20,Running,Intervals,20 min Intervals Run,2018-06-20 09:00 (EST),,,,,,,185,,,
2019-11-20 18:08 (EST),On Demand,Selena Samuela,10,Stretching,Pre & Post-Run Stretch,10 min Post-Run Stretch,2019-11-06 14:58 (EST),,,,,,,26,,,
2019-11-20 18:25 (EST),On Demand,Emma Lovewell,10,Strength,Core,10 min Core Strength,2019-04-30 15:03 (EST),,,,,,,53,,,
2019-11-21 21:00 (EST),Live,Jess King,30,Cycling,Theme,30 min The Jess King Experience,2019-11-21 20:49 (EST),284,158,47%,80,19.33,9.65,402,,,
2019-11-23 17:15 (EST),Live,Olivia Amato,30,Cycling,Low Impact,30 min Low Impact Ride,2019-11-23 17:04 (EST),231,128,42%,83,17.80,8.90,327,,,
2019-11-24 08:39 (EST),On Demand,Rebecca Kennedy,5,Stretching,Pre & Post-Run Stretch,5 min Pre-Run Warm Up,2019-11-18 15:20 (EST),,,,,,,13,,,
2019-11-24 09:01 (EST),On Demand,Emma Lovewell,10,Strength,Core,10 min Core Strength,2018-10-05 12:56 (EST),,,,,,,53,,,
2019-11-24 09:15 (EST),On Demand,Emma Lovewell,10,Strength,Arms & Light Weights,10 min Arms Toning,2019-10-11 08:00 (EST),,,,,,,53,,,
2019-11-27 18:21 (EST),On Demand,Rebecca Kennedy,5,Stretching,Pre & Post-Run Stretch,5 min Pre-Run Warm Up,2019-11-18 15:20 (EST),,,,,,,13,,,
2019-11-27 18:41 (EST),On Demand,Selena Samuela,10,Stretching,Pre & Post-Run Stretch,10 min Post-Run Stretch,2019-11-06 14:58 (EST),,,,,,,26,,,
2019-11-27 18:52 (EST),On Demand,Emma Lovewell,10,Strength,Core,10 min Core Strength,2019-04-30 15:03 (EST),,,,,,,53,,,
2019-11-27 19:04 (EST),On Demand,Emma Lovewell,10,Strength,Core,10 min Core Strength,2019-05-26 15:19 (EST),,,,,,,53,,,
2019-12-02 12:58 (EST),On Demand,Andy Speer,10,Stretching,Pre & Post-Run Stretch,10 min Pre-Run Warm Up,2019-09-20 08:48 (EST),,,,,,,26,,,
2019-12-02 13:26 (EST),On Demand,Emma Lovewell,10,Strength,Arms & Light Weights,10 min Arms Toning,2019-11-25 07:00 (EST),,,,,,,53,,,
2019-12-02 13:38 (EST),On Demand,Emma Lovewell,5,Strength,Core,5 min Core Strength,2019-05-28 09:00 (EST),,,,,,,26,,,
2019-12-02 13:44 (EST),On Demand,Emma Lovewell,5,Stretching,Full Body Stretch,5 min Full Body Stretch,2019-05-28 09:00 (EST),,,,,,,13,,,
2019-12-02 13:54 (EST),On Demand,Aditi Shah,10,Meditation,Audio Only,10 min Gratitude Meditation,2019-11-28 06:00 (EST),,,,,,,,,,
2019-12-05 17:50 (EST),On Demand,Chase Tucker,5,Stretching,Pre & Post-Run Stretch,5 min Pre-Run Warm Up,2019-11-05 15:46 (EST),,,,,,,10,,,
2019-12-05 18:09 (EST),On Demand,Emma Lovewell,10,Strength,Core,10 min Core Strength,2019-05-27 15:43 (EST),,,,,,,53,,,
2019-12-05 18:22 (EST),On Demand,Emma Lovewell,10,Strength,Arms & Light Weights,10 min Arms Toning,2019-11-25 07:00 (EST),,,,,,,53,,,
2019-12-09 10:27 (EST),On Demand,Robin Arzon,45,Cycling,Intervals,45 min Tabata Ride,2019-09-17 17:18 (EST),319,118,44%,77,17.04,12.77,452,,,
2019-12-10 20:01 (EST),On Demand,Alex Toussaint,45,Cycling,Music,45 min 90s Ride,2019-11-25 20:19 (EST),313,116,46%,70,16.95,12.71,444,,,
2019-12-11 19:30 (EST),Live,Emma Lovewell,45,Cycling,Music,45 min New Tracks Ride,2019-12-11 19:20 (EST),334,124,45%,75,17.55,13.15,531,170.25,,
2019-12-11 20:18 (EST),On Demand,Emma Lovewell,5,Stretching,Pre & Post-Ride Stretch,5 min Post-Ride Stretch,2019-11-06 07:00 (EST),,,,,,,37,131.49,,
2019-12-12 17:43 (EST),On Demand,Hannah Frankson,5,Stretching,Pre & Post-Ride Stretch,5 min Post-Ride Stretch,2019-11-12 02:00 (EST),,,,,,,13,62.39,,
2019-12-12 17:52 (EST),On Demand,Olivia Amato,45,Cycling,Climb,45 min Climb Ride,2019-11-27 05:47 (EST),351,130,50%,66,17.70,13.28,513,164.53,,
2019-12-12 18:39 (EST),On Demand,Olivia Amato,5,Stretching,Pre & Post-Ride Stretch,5 min Post-Ride Stretch,2019-10-19 14:45 (EST),,,,,,,30,120.24,,
2019-12-14 08:21 (EST),On Demand,Robin Arzon,30,Cycling,Intervals,30 min HIIT Ride,2019-12-13 12:17 (EST),225,125,44%,76,17.53,8.76,300,133.14,,
2019-12-14 08:53 (EST),On Demand,Hannah Frankson,5,Cycling,Warm Up/Cool Down,5 min Cool Down Ride,2019-12-03 06:48 (EST),27,88,40%,71,15.15,1.28,44,105.27,,
2019-12-15 22:14 (EST),On Demand,Jess King,20,Cycling,Music,20 min EDM/Electronic Dance Ride,2019-12-13 09:51 (EST),161,135,45%,77,18.06,6.02,223,159.85,,
2019-12-15 22:36 (EST),On Demand,Jess King,5,Stretching,Pre & Post-Ride Stretch,5 min Post-Ride Stretch,2019-10-23 16:28 (EST),,,,,,,31,122.44,,
2019-12-16 12:24 (EST),On Demand,Ally Love,45,Cycling,Theme,45 min Sundays with Love,2019-12-15 11:32 (EST),335,124,44%,78,17.57,13.18,494,158.93,,
2019-12-16 13:11 (EST),On Demand,Hannah Frankson,5,Cycling,Warm Up/Cool Down,5 min Cool Down Ride,2019-11-12 03:30 (EST),26,87,38%,75,15.00,1.24,52,159.20,,
2019-12-16 13:17 (EST),On Demand,Hannah Frankson,5,Stretching,Pre & Post-Ride Stretch,5 min Post-Ride Stretch,2019-12-16 04:23 (EST),,,,,,,43,142.72,,
2019-12-17 19:57 (EST),On Demand,Emma Lovewell,15,Cycling,Theme,15 min Move for More: HIIT Ride,2019-12-17 06:49 (EST),112,125,42%,81,17.51,4.38,156,147.53,,
2019-12-17 20:14 (EST),On Demand,Ally Love,15,Cycling,Theme,15 min Move for More: Tabata Ride,2019-12-04 06:48 (EST),121,135,46%,76,18.09,4.52,175,169.11,,
2019-12-17 20:32 (EST),On Demand,Hannah Frankson,10,Cycling,Warm Up/Cool Down,10 min Cool Down Ride,2019-12-01 05:32 (EST),51,85,37%,79,15.03,2.50,94,149.70,,
2019-12-17 20:45 (EST),On Demand,Matt Wilpers,5,Stretching,Pre & Post-Ride Stretch,5 min Post-Ride Stretch,2019-12-16 20:00 (EST),,,,,,,25,110.92,,
2019-12-21 18:30 (EST),,,8,Cycling,,8 min 9 sec Just Ride,,52,105,43%,72,16.11,2.20,70,126.32,,
2019-12-21 18:41 (EST),On Demand,Leanne Hainsby,30,Cycling,Music,30 min 90s Ride,2019-12-21 03:51 (EST),235,131,44%,78,17.87,8.93,338,165.57,,
2019-12-21 19:16 (EST),On Demand,Kendall Toole,10,Cycling,Warm Up/Cool Down,10 min Cool Down Ride,2019-12-18 07:30 (EST),50,84,37%,77,14.96,2.49,96,150.88,,
2019-12-21 19:30 (EST),On Demand,Hannah Frankson,10,Strength,Arms & Light Weights,10 min Arms Toning,2019-12-05 02:32 (EST),,,,,,,65,123.99,,
2019-12-21 19:43 (EST),On Demand,Becs Gentry,5,Stretching,Full Body Stretch,5 min Full Body Stretch,2019-12-13 10:24 (EST),,,,,,,19,100.88,,
2019-12-22 13:06 (EST),On Demand,Jess & Robin ,30,Cycling,Music,30 min JLO Ride,2019-10-15 17:47 (EST),226,126,42%,83,17.62,8.80,324,161.54,,
2019-12-22 13:40 (EST),On Demand,Hannah Frankson,10,Cycling,Warm Up/Cool Down,10 min Cool Down Ride,2019-12-09 06:32 (EST),59,98,40%,76,16.08,2.67,98,153.36,,
2019-12-28 07:32 (EST),On Demand,Alex Toussaint,45,Cycling,Intervals,45 min Intervals & Arms Ride,2019-12-24 05:47 (EST),277,103,43%,69,15.77,11.82,504,164.49,,
2019-12-28 08:19 (EST),On Demand,Sam Yo,5,Cycling,Warm Up/Cool Down,5 min Cool Down Ride,2019-12-18 04:35 (EST),22,75,38%,70,14.32,1.18,45,146.69,,
2019-12-28 12:23 (EST),On Demand,Hannah Corbin,15,Stretching,Full Body Stretch,15 min Full Body Stretch,2019-09-05 10:27 (EST),,,,,,,39,,,
2019-12-28 12:57 (EST),On Demand,Emma Lovewell,10,Strength,Core,10 min Core Strength,2019-05-28 09:00 (EST),,,,,,,52,,,
2019-12-29 08:07 (EST),On Demand,Ally Love,45,Cycling,Theme,45 min Sundays with Love,2019-12-22 11:31 (EST),311,115,42%,78,17.04,12.78,510,162.94,,
2020-01-01 19:45 (EST),On Demand,Emma Lovewell,45,Cycling,Music,45 min 90s Ride,2019-12-30 07:50 (EST),326,121,42%,80,17.33,13.00,488,163.40,,
2020-01-01 20:33 (EST),On Demand,Tunde Oyeneyin,5,Stretching,Pre & Post-Ride Stretch,5 min Post-Ride Stretch,2019-12-19 15:30 (EST),,,,,,,33,124.07,,
2020-01-03 14:15 (EST),On Demand,Hannah Frankson,30,Cycling,Intervals,30 min HIIT & Hills Ride,2020-01-03 04:52 (EST),233,130,45%,75,17.77,8.89,332,157.25,,
2020-01-03 14:48 (EST),On Demand,Hannah Frankson,10,Strength,Arms & Light Weights,10 min Arms Toning,2019-12-05 02:32 (EST),,,,,,,72,129.58,,
2020-01-05 20:58 (EST),On Demand,Emma Lovewell,30,Cycling,Groove,30 min Groove Ride,2020-01-05 17:04 (EST),230,128,45%,76,17.69,8.84,347,161.49,,
2020-01-05 21:30 (EST),On Demand,Emma Lovewell,5,Stretching,Pre & Post-Ride Stretch,5 min Post-Ride Stretch,2019-11-06 07:00 (EST),,,,,,,32,124.09,,
2020-01-06 18:30 (EST),Live,Alex Toussaint,45,Cycling,Music,45 min Hip Hop Ride,2020-01-06 18:18 (EST),334,124,42%,82,17.51,13.11,522,168.60,,
2020-01-09 18:37 (EST),On Demand,Robin Arzon,45,Cycling,Intervals,45 min Tabata Ride,2020-01-07 17:18 (EST),340,126,46%,73,17.46,13.09,474,158.63,,
2020-01-09 19:24 (EST),On Demand,Robin Arzon,5,Stretching,Pre & Post-Ride Stretch,5 min Post-Ride Stretch,2019-12-18 15:40 (EST),,,,,,,40,137.76,,
2020-01-11 08:14 (EST),On Demand,Olivia Amato,45,Cycling,Music,45 min EDM/Electronic Dance Ride,2020-01-08 05:49 (EST),301,112,46%,67,16.52,12.38,467,154.48,,
2020-01-11 09:01 (EST),On Demand,Olivia Amato,5,Stretching,Pre & Post-Ride Stretch,5 min Post-Ride Stretch,2019-12-18 07:00 (EST),,,,,,,37,132.55,,
2020-01-14 17:45 (EST),On Demand,Robin Arzon,45,Cycling,Intervals,45 min Tabata Ride,2019-12-17 17:17 (EST),330,122,44%,76,17.23,12.92,513,166.65,,
2020-01-14 18:34 (EST),On Demand,Hannah Frankson,10,Strength,Arms & Light Weights,10 min Arms Toning,2020-01-09 02:32 (EST),,,,,,,72,130.46,,
2020-01-20 20:33 (EST),On Demand,Emma Lovewell,45,Cycling,Music,45 min 90s Ride,2020-01-20 07:48 (EST),315,117,43%,75,17.05,12.77,446,,,
2020-01-20 21:22 (EST),On Demand,Emma Lovewell,10,Strength,Core,10 min Core Strength,2020-01-04 08:30 (EST),,,,,,,49,91.24,,
2020-01-21 17:30 (EST),Live,Robin Arzon,45,Cycling,Intervals,45 min Tabata Ride,2020-01-21 17:17 (EST),331,123,48%,67,17.18,12.88,481,157.14,,
2020-01-21 18:18 (EST),On Demand,Robin Arzon,10,Strength,Core,10 min Core Strength,2020-01-06 18:02 (EST),,,,,,,57,117.04,,
2020-01-22 07:18 (EST),On Demand,Hannah Frankson,20,Cycling,Intervals,20 min HIIT Ride,2020-01-22 04:49 (EST),133,111,41%,79,16.58,5.52,189,,,
2020-01-23 20:14 (EST),On Demand,Emma Lovewell,5,Stretching,Full Body Stretch,5 min Full Body Stretch,2019-11-24 08:30 (EST),,,,,,,11,70.24,,
2020-01-23 20:38 (EST),On Demand,Jess King,45,Cycling,Intervals,45 min Intervals & Arms Ride,2020-01-15 17:18 (EST),302,112,45%,69,16.46,12.34,428,,,
2020-01-26 20:47 (EST),On Demand,Alex Toussaint,30,Cycling,Music,30 min Hip Hop Ride,2020-01-25 16:16 (EST),220,123,43%,79,17.33,8.66,312,,,
2020-01-30 08:47 (EST),On Demand,Ally Love,30,Cycling,Intervals,30 min HIIT & Hills Ride,2020-01-27 12:19 (EST),233,130,46%,73,17.71,8.85,330,,,
2020-02-03 19:53 (EST),On Demand,Hannah Frankson,30,Cycling,Intervals,30 min HIIT Ride,2020-02-03 01:51 (EST),222,124,45%,73,17.16,8.58,315,,,
2020-02-13 20:07 (EST),On Demand,Robin Arzon,30,Cycling,Music,30 min Lizzo Ride,2019-08-02 13:20 (EST),215,119,43%,77,17.23,8.61,304,,,
2020-02-14 23:17 (EST),On Demand,Robin Arzon,20,Cycling,Intervals,20 min Tabata Ride,2018-07-18 16:19 (EST),152,127,47%,72,17.47,5.82,215,,,
2020-02-15 17:58 (EST),On Demand,Robin Arzon,45,Cycling,Intervals,45 min Tabata Ride,2019-09-17 17:18 (EST),336,124,47%,72,17.37,13.02,475,,,
2020-02-15 18:46 (EST),On Demand,Robin Arzon,10,Strength,Arms & Light Weights,10 min Arms Toning,2020-01-30 11:02 (EST),,,,,,,53,,,
2020-02-16 17:23 (EST),On Demand,Robin Arzon,45,Cycling,Intervals,45 min Tabata Ride,2019-08-13 17:20 (EST),327,121,45%,71,17.02,12.76,463,,,
2020-02-16 18:11 (EST),On Demand,Emma Lovewell,10,Strength,Arms & Light Weights,10 min Arms Toning,2019-11-25 07:00 (EST),,,,,,,53,,,
2020-02-16 18:25 (EST),On Demand,Emma Lovewell,15,Strength,Core,15 min Core Strength,2019-05-28 09:00 (EST),,,,,,,79,,,
2020-02-18 19:41 (EST),On Demand,Robin Arzon,45,Cycling,Intervals,45 min Tabata Ride,2018-12-11 05:49 (EST),329,122,47%,67,16.98,12.73,466,,,
2020-02-28 18:53 (EST),On Demand,Robin Arzon,45,Cycling,Intervals,45 min Tabata Ride,2019-09-10 17:18 (EST),332,123,43%,78,17.33,12.99,470,,,
2020-03-03 16:01 (EST),On Demand,Robin Arzon,45,Cycling,Intervals,45 min Tabata Ride,2018-11-27 05:49 (EST),341,126,49%,65,17.39,13.04,483,,,
2020-03-03 16:49 (EST),On Demand,Robin Arzon,10,Strength,Arms & Light Weights,10 min Arms Toning,2020-02-27 11:02 (EST),,,,,,,53,,,
2020-03-03 21:54 (EST),On Demand,Rebecca Kennedy,10,Strength,Core,10 min Core Strength,2020-03-01 10:02 (EST),,,,,,,53,,,
2020-03-05 07:16 (EST),On Demand,Robin Arzon,45,Cycling,Intervals,45 min Tabata Ride,2020-02-25 17:18 (EST),333,123,51%,62,17.16,12.86,472,,,
2020-03-05 08:05 (EST),On Demand,Emma Lovewell,10,Strength,Arms & Light Weights,10 min Arms Toning,2019-10-01 16:07 (EST),,,,,,,53,,,
2020-03-08 18:55 (EST),On Demand,Rebecca Kennedy,10,Strength,Core,10 min Core Strength,2020-03-01 10:02 (EST),,,,,,,53,,,
2020-03-13 08:02 (EST),On Demand,Jess King,45,Cycling,Music,45 min House Ride,2020-03-12 17:22 (EST),327,121,45%,74,17.32,12.99,463,,,
2020-03-13 08:50 (EST),On Demand,Ben Alldis,10,Strength,Arms & Light Weights,10 min Arms Toning,2020-03-12 15:32 (EST),,,,,,,53,,,
2020-03-16 19:47 (EST),On Demand,Hannah Frankson,45,Cycling,Music,45 min 90s Ride,2020-03-15 07:49 (EST),318,118,44%,73,17.07,12.80,451,,,
2020-03-16 20:36 (EST),On Demand,Hannah Frankson,10,Strength,Arms & Light Weights,10 min Arms Toning,2020-03-05 02:40 (EST),,,,,,,53,,,
2020-03-17 21:00 (EST),On Demand,Robin Arzon,45,Cycling,Intervals,45 min Tabata Ride,2020-03-10 17:20 (EST),321,119,45%,72,17.14,12.86,455,,,
2020-03-17 21:48 (EST),On Demand,Robin Arzon,10,Strength,Arms & Light Weights,10 min Arms Toning,2020-03-12 11:01 (EST),,,,,,,53,,,
2020-03-19 09:27 (EST),On Demand,Jess Sims,10,Stretching,Full Body Stretch,10 min Full Body Stretch,2020-03-15 08:30 (EST),,,,,,,26,,,
2020-03-19 10:30 (EST),Live,Robin Arzon,30,Cycling,Theme,30 min Together We Ride,2020-03-19 10:20 (EST),219,122,44%,77,17.34,8.65,310,,,
2020-03-23 10:53 (EST),On Demand,Emma Lovewell,45,Cycling,Music,45 min 90s Ride,2020-03-22 13:20 (EST),322,119,45%,72,17.00,12.75,456,,,
2020-03-24 08:32 (EST),On Demand,Emma Lovewell,45,Cycling,Music,45 min 90s Ride,2020-03-22 13:20 (EST),325,120,45%,73,17.15,12.85,460,,,
2020-03-24 19:39 (EST),On Demand,Ben Alldis,5,Stretching,Pre & Post-Ride Stretch,5 min Post-Ride Stretch,2020-03-14 07:08 (EST),,,,,,,13,,,
2020-03-24 19:40 (EST),On Demand,Alex Toussaint,30,Cycling,Intervals,30 min HIIT Ride,2020-03-21 11:48 (EST),224,125,42%,80,17.60,8.79,318,,,
2020-03-24 19:48 (EST),On Demand,Jess Sims,10,Stretching,Full Body Stretch,10 min Full Body Stretch,2020-03-15 08:30 (EST),,,,,,,11,,,
2020-03-26 08:13 (EST),On Demand,Hannah Frankson,45,Cycling,Intervals,45 min HIIT & Hills Ride,2020-03-19 07:49 (EST),339,126,47%,71,17.62,13.21,480,,,
2020-03-26 09:01 (EST),On Demand,Hannah Frankson,10,Strength,Arms & Light Weights,10 min Arms Toning,2020-03-05 02:40 (EST),,,,,,,53,,,
2020-03-26 19:55 (EST),On Demand,Tunde Oyeneyin,20,Cycling,Intervals,20 min Tabata Ride,2020-03-24 10:32 (EST),163,136,47%,73,18.01,6.00,230,,,
2020-03-28 21:36 (EST),On Demand,Denis Morton,30,Yoga,Focus Flow,30 min Yoga Flow: Arms,2020-03-28 09:30 (EST),,,,,,,111,,,
2020-03-28 22:10 (EST),On Demand,Aditi Shah,10,Meditation,Emotions,10 min Kindness Meditation,2020-03-20 11:16 (EST),,,,,,,,,,
2020-03-28 22:22 (EST),On Demand,Rebecca Kennedy,10,Strength,Core,10 min Core Strength,2020-03-11 20:18 (EST),,,,,,,53,,,
2020-03-30 12:45 (EST),On Demand,Hannah Frankson,45,Cycling,Music,45 min Hip Hop Ride,2020-03-30 04:00 (EST),353,131,46%,73,17.86,13.39,500,,,
2020-03-30 13:35 (EST),On Demand,Emma Lovewell,10,Strength,Arms & Light Weights,10 min Arms Toning,2019-08-19 11:05 (EST),,,,,,,53,,,
2020-03-30 19:22 (EST),On Demand,Hannah & Leanne ,30,Cycling,Theme,30 min Two for One: WHM Celebration Ride,2020-03-17 06:50 (EST),233,129,47%,71,17.87,8.93,329,,,
2020-03-31 15:33 (EST),On Demand,Leanne Hainsby,20,Cycling,Intervals,20 min Tabata Ride,2020-03-03 01:30 (EST),157,131,46%,73,17.67,5.88,222,,,
2020-03-31 15:57 (EST),On Demand,Leanne Hainsby,10,Strength,Arms & Light Weights,10 min Arms Toning,2020-03-10 05:55 (EST),,,,,,,53,,,
2020-03-31 19:17 (EST),On Demand,Multiple Instructors,20,Cardio,Dance Cardio,20 min Dance Cardio,2020-03-05 10:00 (EST),,,,,,,127,,,
2020-04-06 09:06 (EST),On Demand,Jess King,20,Cycling,Intervals,20 min HIIT Ride,2020-03-30 10:32 (EST),155,130,46%,71,17.30,5.73,220,,,
2020-04-07 09:05 (EST),On Demand,Jess King,20,Cycling,Climb,20 min Climb Ride,2020-03-20 11:02 (EST),159,132,49%,68,17.86,5.95,225,,,
2020-04-09 19:02 (EST),On Demand,Robin Arzon,45,Cycling,Intervals,45 min HIIT & Hills Ride,2020-04-01 09:49 (EST),378,140,50%,69,18.32,13.74,535,,,
2020-04-09 19:55 (EST),On Demand,Cody Rigsby,10,Strength,Arms & Light Weights,10 min Arms Toning,2020-04-01 13:57 (EST),,,,,,,53,,,
2020-04-10 19:02 (EST),On Demand,Hannah Frankson,45,Cycling,Intervals,45 min Intervals & Arms Ride,2020-04-01 08:19 (EST),354,131,49%,67,17.72,13.30,501,,,
2020-04-12 20:02 (EST),On Demand,Emma Lovewell,45,Cycling,Intervals,45 min Intervals & Arms Ride,2020-04-03 11:45 (EST),339,125,48%,68,17.55,13.16,479,,,
2020-04-13 14:01 (EST),On Demand,Emma Lovewell,30,Cycling,Climb,30 min Climb Ride,2020-02-27 09:17 (EST),256,142,50%,69,18.53,9.26,362,,,
2020-04-14 21:49 (EST),On Demand,Leanne Hainsby,45,Cycling,Music,45 min 70s Ride,2020-04-04 05:20 (EST),373,138,49%,70,18.29,13.72,528,,,
2020-04-14 22:48 (EST),On Demand,Sam Yo,10,Strength,Arms & Light Weights,10 min Arms Toning,2020-04-05 08:52 (EST),,,,,,,53,,,
2020-04-15 14:30 (EST),On Demand,,10,Cycling,Scenic Ride,10 min Reims Scenic Ride,,21,34,24%,78,9.96,1.66,29,,,
2020-04-20 13:51 (EST),On Demand,Hannah Frankson,30,Cycling,Music,30 min EDM Ride,2020-04-04 04:00 (EST),239,133,48%,67,17.69,8.84,339,,,
2020-04-21 13:19 (EST),On Demand,Robin Arzon,45,Cycling,Intervals,45 min HIIT & Hills Ride,2020-04-01 09:49 (EST),384,142,52%,64,18.55,13.90,544,,,
2020-04-21 14:14 (EST),On Demand,Jess King,20,Cycling,Intervals,20 min HIIT Ride,2020-03-30 10:32 (EST),145,121,49%,64,17.26,5.75,205,,,
2020-04-21 14:36 (EST),On Demand,Jess King,10,Strength,Arms & Light Weights,10 min Arms Toning,2019-12-11 15:09 (EST),,,,,,,53,,,
2020-04-22 18:14 (EST),On Demand,Robin Arzon,30,Cycling,Music,30 min Pop Ride: Live from Home,2020-04-22 09:53 (EST),262,146,51%,67,18.66,9.32,371,,,
2020-04-23 20:10 (EST),On Demand,Hannah Frankson,30,Cycling,Intervals,30 min HIIT & Hills Ride,2020-04-22 03:30 (EST),252,140,51%,66,18.43,9.22,357,,,
2020-04-26 19:33 (EST),On Demand,Robin Arzon,45,Cycling,Intervals,45 min Tabata Ride,2019-05-07 17:18 (EST),395,146,55%,62,18.61,13.96,559,,,
2020-04-29 19:24 (EST),On Demand,Aditi Shah,30,Yoga,Flow,30 min Yoga Flow,2020-02-24 07:47 (EST),,,,,,,111,,,
2020-04-30 18:29 (EST),On Demand,Hannah Frankson,45,Cycling,Music,45 min Hip Hop Ride,2020-03-17 14:49 (EST),377,140,50%,68,18.36,13.77,533,,,
2020-05-12 08:13 (EST),On Demand,Hannah Frankson,20,Cycling,Low Impact,20 min Low Impact Ride,2020-05-05 10:00 (EST),130,108,42%,74,16.59,5.53,184,,,
2020-05-15 06:08 (EST),On Demand,Leanne Hainsby,20,Cycling,Music,20 min Disco Ride,2020-03-27 04:00 (EST),147,122,47%,68,17.35,5.78,208,,,
2020-05-15 06:31 (EST),On Demand,Leanne Hainsby,10,Strength,Arms & Light Weights,10 min Arms Toning,2020-04-14 04:30 (EST),,,,,,,53,,,
2020-05-15 06:49 (EST),On Demand,Selena Samuela,10,Strength,Core,10 min Core Strength,2020-05-06 16:25 (EST),,,,,,,67,126.86,,
2020-05-16 06:49 (EST),On Demand,Robin Arzon,15,Strength,Core,15 min Core Strength: Live from Home,2020-04-28 11:55 (EST),,,,,,,,,,
2020-05-16 06:50 (EST),On Demand,Selena Samuela,10,Stretching,Full Body Stretch,10 min Full Body Stretch,2020-03-26 09:30 (EST),,,,,,,26,80.38,,
2020-05-16 07:02 (EST),On Demand,Robin Arzon,15,Strength,Core,15 min Core Strength: Live from Home,2020-04-28 11:55 (EST),,,,,,,69,102.11,,
2020-05-19 07:23 (EST),On Demand,Olivia Amato,20,Cycling,Music,20 min New Tracks Ride,2020-04-30 17:00 (EST),147,123,45%,74,17.39,5.79,209,,,
2020-05-19 07:46 (EST),On Demand,Olivia Amato,10,Strength,Arms & Light Weights,10 min Arms Toning,2019-12-28 10:00 (EST),,,,,,,53,,,
2020-05-26 13:29 (EST),On Demand,Irene Scholz,45,Cycling,Music,45 min EDM Ride: Live from Home,2020-05-01 07:55 (EST),355,131,49%,68,17.86,13.38,502,,,
2020-05-26 14:18 (EST),On Demand,Ben Alldis,10,Strength,Arms & Light Weights,10 min Arms Toning,2020-05-26 10:30 (EST),,,,,,,53,,,
2020-05-26 14:35 (EST),On Demand,Robin Arzon,15,Strength,Core,15 min Core Strength: Live from Home,2020-05-25 10:54 (EST),,,,,,,79,,,
2020-05-27 12:22 (EST),On Demand,Emma Lovewell,45,Cycling,Music,45 min 90s Rock Ride,2020-05-26 17:49 (EST),342,127,50%,65,17.66,13.24,484,,,
2020-05-27 13:11 (EST),On Demand,Ben Alldis,10,Strength,Arms & Light Weights,10 min Arms Toning,2020-04-30 06:30 (EST),,,,,,,53,,,
2020-05-30 10:04 (EST),On Demand,Anna Greenberg,30,Yoga,Music,30 min Jhene Aiko Yoga Flow,2020-05-27 17:18 (EST),,,,,,,107,94.28,,
2020-06-03 18:00 (EST),Live,Tunde Oyeneyin,30,Cycling,Theme,30 min Speak Up Ride,2020-06-03 17:54 (EST),248,138,50%,69,18.33,9.16,352,,,
2020-06-03 18:40 (EST),Live,Chelsea Jackson Roberts,10,Meditation,Mindfulness,"10 min Breathe In, Speak Up Meditation",2020-06-03 18:29 (EST),,,,,,,,,,
2020-06-05 12:30 (EST),Live,Alex Toussaint,30,Cycling,Music,30 min 2000s Hip Hop: Live From Home,2020-06-05 12:25 (EST),238,133,48%,69,17.79,8.89,338,,,
2020-06-12 08:10 (EST),On Demand,Ally Love,30,Cycling,Theme,30 min Feel Good Ride: Live from Home,2020-06-07 12:55 (EST),237,132,49%,68,17.88,8.94,335,,,
2020-06-12 08:44 (EST),On Demand,Ally Love,10,Strength,Arms & Light Weights,10 min Arms Toning,2019-12-23 10:02 (EST),,,,,,,53,,,
2020-06-14 07:31 (EST),On Demand,Ally Love,30,Cycling,Intervals,30 min Tabata Ride: Live from Home,2020-06-09 12:24 (EST),243,135,45%,75,18.02,9.01,345,,,
2020-06-14 08:04 (EST),On Demand,Emma Lovewell,10,Strength,Arms & Light Weights,10 min Arms Toning,2020-06-11 18:38 (EST),,,,,,,53,,,
2020-06-24 17:44 (EST),On Demand,Hannah Frankson,45,Cycling,Intervals,45 min Intervals & Arms Ride,2020-06-12 07:51 (EST),321,119,48%,65,17.10,12.82,455,,,
2020-06-24 18:34 (EST),On Demand,Hannah Frankson,10,Strength,Arms & Light Weights,10 min Arms Toning,2020-06-01 04:25 (EST),,,,,,,53,,,
2020-06-26 17:44 (EST),On Demand,Hannah Frankson,30,Cycling,Intervals,30 min HIIT Ride,2020-06-19 07:50 (EST),259,144,48%,73,18.57,9.28,367,,,
2020-06-26 18:18 (EST),On Demand,Hannah Frankson,10,Strength,Arms & Light Weights,10 min Arms Toning,2020-02-27 02:32 (EST),,,,,,,53,,,
2020-07-01 07:19 (EST),On Demand,Emma Lovewell,45,Cycling,Intervals,45 min Intervals & Arms Ride,2020-06-21 17:50 (EST),287,106,45%,65,16.07,12.05,407,,,
2020-07-02 07:28 (EST),On Demand,Hannah Frankson,30,Cycling,Intervals,30 min Intervals & Arms Ride,2020-06-27 11:00 (EST),212,118,44%,72,16.86,8.43,300,,,
2020-07-03 07:52 (EST),On Demand,Robin Arzon,30,Cycling,Theme,30 min Together We Ride: Live From Home,2020-06-27 10:00 (EST),217,120,43%,76,17.06,8.56,307,,,
2020-07-03 08:26 (EST),On Demand,Jess King,10,Strength,Arms & Light Weights,10 min Arms Toning,2020-05-31 10:00 (EST),,,,,,,53,,,
2020-07-16 21:37 (EST),On Demand,Leanne Hainsby,45,Cycling,Music,45 min Disco Ride,2020-07-16 09:00 (EST),334,124,46%,71,17.36,13.02,473,,,
2020-07-16 22:26 (EST),On Demand,Emma Lovewell,10,Strength,Arms & Light Weights,10 min Arms Toning,2020-07-10 20:04 (EST),,,,,,,53,,,
2020-07-17 19:37 (EST),On Demand,Chelsea Jackson Roberts,45,Yoga,Flow,45 min Yoga Flow,2020-07-13 17:45 (EST),,,,,,,171,,,
2020-07-18 20:41 (EST),On Demand,Jess King,45,Cycling,Intervals,45 min Intervals & Arms Ride,2020-07-14 19:20 (EST),313,116,45%,70,16.95,12.71,444,,,
2020-07-22 11:13 (EST),On Demand,Hannah Frankson,45,Cycling,Intervals,45 min Intervals & Arms Ride,2020-07-14 06:50 (EST),319,118,46%,68,16.95,12.71,452,,,
2020-07-22 12:01 (EST),On Demand,Hannah Frankson,10,Strength,Arms & Light Weights,10 min Arms Toning,2020-07-09 04:25 (EST),,,,,,,53,,,
2020-07-23 13:19 (EST),On Demand,Hannah Frankson,45,Cycling,Intervals,45 min HIIT & Hills Ride,2020-07-07 07:00 (EST),366,136,48%,71,18.13,13.59,519,,,
2020-07-23 14:06 (EST),On Demand,Hannah Corbin,10,Strength,Arms & Light Weights,10 min Arms Toning,2020-07-20 09:40 (EST),,,,,,,53,,,
2020-08-03 18:32 (EST),On Demand,Anna Greenberg,30,Yoga,Flow,30 min Yoga Flow,2020-08-03 09:51 (EST),,,,,,,100,,,
2020-08-05 10:22 (EST),On Demand,Kristin McGee,45,Yoga,Flow,45 min Yoga Flow,2020-07-29 09:50 (EST),,,,,,,166,,,
2020-08-05 11:16 (EST),On Demand,Emma Lovewell,10,Strength,Core,10 min Core Strength,2019-05-26 15:19 (EST),,,,,,,53,,,
2020-08-06 19:39 (EST),On Demand,Emma Lovewell,10,Strength,Core,10 min Core Strength,2019-04-30 15:03 (EST),,,,,,,53,,,
2020-08-06 19:52 (EST),On Demand,Chelsea Jackson Roberts,45,Yoga,Theme,45 min Evening Yoga Flow,2020-08-03 17:49 (EST),,,,,,,98,,,
2020-08-08 16:32 (EST),On Demand,Chelsea Jackson Roberts,45,Yoga,Flow,45 min Yoga Flow,2020-08-01 08:49 (EST),,,,,,,167,,,
2020-08-08 17:36 (EST),On Demand,Emma Lovewell,10,Strength,Core,10 min Core Strength,2019-05-26 15:19 (EST),,,,,,,53,,,
2020-08-09 11:31 (EST),On Demand,Chelsea Jackson Roberts,45,Yoga,Flow,45 min Yoga Flow,2020-07-17 10:00 (EST),,,,,,,67,,,
2020-08-09 12:11 (EST),On Demand,Chelsea Jackson Roberts,45,Yoga,Flow,45 min Yoga Flow,2020-07-17 10:00 (EST),,,,,,,103,,,
2020-08-10 18:05 (EST),On Demand,Hannah Frankson,20,Cycling,Intervals,20 min HIIT Ride,2020-08-06 02:30 (EST),158,132,45%,75,17.77,5.92,224,,,
2020-08-10 18:30 (EST),On Demand,Kendall Toole,10,Strength,Arms & Light Weights,10 min Arms Toning,2020-08-09 08:34 (EST),,,,,,,53,,,
2020-08-11 11:40 (EST),On Demand,Denis Morton,10,Yoga,Flow,10 min Yoga Flow,2020-08-02 11:35 (EST),,,,,,,37,,,
2020-08-11 17:17 (EST),On Demand,Chelsea Jackson Roberts,45,Yoga,Power,45 min Power Yoga,2020-07-11 10:49 (EST),,,,,,,171,,,
2020-08-12 10:58 (EST),On Demand,Chelsea Jackson Roberts,10,Yoga,Focus Flow,10 min Sun Salutations,2020-07-29 15:51 (EST),,,,,,,40,,,
2020-08-12 13:11 (EST),On Demand,Hannah Frankson,20,Cycling,Intervals,20 min Tabata Ride,2020-07-16 04:00 (EST),157,131,44%,77,17.78,5.92,222,,,
2020-08-12 13:33 (EST),On Demand,Tunde Oyeneyin,10,Strength,Arms & Light Weights,10 min Arms Toning,2020-08-12 09:00 (EST),,,,,,,53,,,
2020-08-13 11:37 (EST),On Demand,Aditi Shah,10,Yoga,Focus Flow,10 min Yoga Flow: Hamstrings,2020-08-12 18:32 (EST),,,,,,,40,,,
2020-08-14 10:58 (EST),On Demand,Chelsea Jackson Roberts,10,Yoga,Focus Flow,10 min Sun Salutations,2020-07-29 15:51 (EST),,,,,,,20,,,
2020-08-18 08:26 (EST),On Demand,Kristin McGee,30,Yoga,Flow,30 min Yoga Flow,2020-08-14 08:50 (EST),,,,,,,120,,,
2020-08-19 13:17 (EST),On Demand,Denis Morton,30,Yoga,Flow,30 min Yoga Flow,2020-08-19 09:49 (EST),,,,,,,108,,,
2020-08-19 18:58 (EST),On Demand,Chelsea Jackson Roberts,30,Yoga,Flow,30 min Yoga Flow,2020-08-10 10:00 (EST),,,,,,,111,,,
2020-08-19 19:36 (EST),On Demand,Emma Lovewell,10,Strength,Core,10 min Core Strength,2019-05-26 15:19 (EST),,,,,,,53,,,
2020-08-22 11:40 (EST),On Demand,Denis Morton,10,Yoga,Flow,10 min Yoga Flow,2020-08-19 10:35 (EST),,,,,,,38,,,
2020-08-23 11:06 (EST),On Demand,Kristin McGee,10,Yoga,Focus Flow,10 min Yoga Flow: Hips,2020-08-14 09:35 (EST),,,,,,,42,,,
2020-08-23 13:00 (EST),Live,Christine D'Ercole,30,Cycling,Power Zone,30 min Power Zone Endurance Ride,2020-08-23 12:48 (EST),224,124,41%,83,17.55,8.77,317,,,
2020-08-23 13:33 (EST),On Demand,Christine D'Ercole,10,Strength,Arms & Light Weights,10 min Arms Toning,2020-06-17 18:35 (EST),,,,,,,53,,,
2020-08-24 13:09 (EST),On Demand,Hannah Frankson,20,Cycling,Intervals,20 min Tabata Ride,2020-08-13 02:21 (EST),156,130,45%,75,17.74,5.91,221,,,
2020-08-24 13:31 (EST),On Demand,Hannah Frankson,10,Strength,Arms & Light Weights,10 min Arms Toning,2020-08-12 13:02 (EST),,,,,,,53,,,
2020-08-24 18:42 (EST),On Demand,Chelsea Jackson Roberts,45,Yoga,Power,45 min Power Yoga,2020-08-23 08:49 (EST),,,,,,,172,,,
2020-08-29 08:40 (EST),On Demand,Emma Lovewell,45,Cycling,Intervals,45 min Intervals & Arms Ride,2020-08-17 11:23 (EST),291,108,46%,63,16.02,12.02,415,,,
2020-08-30 07:53 (EST),On Demand,Kendall Toole,45,Cycling,Intervals,45 min Intervals & Arms Ride,2020-08-23 07:50 (EST),288,107,45%,67,16.24,12.18,411,,,
2020-08-31 18:10 (EST),On Demand,Ally Love,45,Cycling,Intervals,45 min Tabata Ride,2020-08-31 17:00 (EST),348,129,46%,72,17.65,13.24,497,,,
2020-08-31 18:58 (EST),On Demand,Ally Love,10,Strength,Arms & Light Weights,10 min Prince Arms Toning,2020-08-12 17:15 (EST),,,,,,,53,,,
2020-09-02 13:05 (EST),On Demand,Hannah Frankson,45,Cycling,Intervals,45 min Intervals & Arms Ride,2020-09-01 12:20 (EST),327,121,46%,69,17.12,12.84,467,,,
2020-09-04 13:04 (EST),On Demand,Emma Lovewell,30,Cycling,Theme,30 min Listening Party,2020-09-03 17:18 (EST),238,132,46%,74,17.93,8.97,340,,,
2020-09-09 13:14 (EST),On Demand,Emma Lovewell,45,Cycling,Music,45 min 90s Ride,2020-09-07 07:50 (EST),346,128,46%,72,17.53,13.14,494,,,
2020-09-10 13:20 (EST),On Demand,Kendall Toole,45,Cycling,Intervals,45 min Intervals & Arms Ride: Dancehall,2020-09-07 11:22 (EST),317,118,48%,66,16.95,12.70,453,,,
2020-09-17 14:08 (EST),On Demand,Robin Arzon,30,Cycling,Intervals,30 min Intervals & Arms Ride,2020-09-16 11:18 (EST),240,134,49%,68,17.83,8.92,343,,,
2020-09-18 13:37 (EST),On Demand,Hannah Frankson,45,Cycling,Intervals,45 min Intervals & Arms Ride,2020-08-04 12:19 (EST),330,122,46%,69,17.26,12.94,471,,,
2020-09-24 14:14 (EST),On Demand,Robin Arzon,30,Cycling,Music,30 min 90s Hip Hop Ride,2020-09-23 11:18 (EST),234,130,42%,82,17.81,8.90,334,,,
2020-09-25 15:25 (EST),On Demand,Emma Lovewell,45,Cycling,Intervals,45 min Intervals & Arms Ride,2020-09-21 07:18 (EST),323,120,45%,70,17.05,12.79,461,,,
2020-09-26 07:58 (EST),On Demand,Kendall Toole,45,Cycling,Intervals,45 min Intervals & Arms Ride,2020-06-25 17:50 (EST),316,117,45%,70,16.84,12.62,451,,,
2020-09-29 13:23 (EST),On Demand,Kendall Toole,45,Cycling,Intervals,45 min HIIT & Hills Ride,2020-09-21 11:18 (EST),363,134,47%,72,17.81,13.36,518,,,
2020-09-30 07:29 (EST),On Demand,Leanne Hainsby,45,Cycling,Intervals,45 min HIIT & Hills Ride,2020-09-25 09:20 (EST),350,130,48%,70,17.66,13.24,499,,,
2020-10-01 13:11 (EST),On Demand,Kendall Toole,30,Cycling,Intervals,30 min Intervals & Arms Ride,2020-09-28 11:21 (EST),231,128,47%,70,17.53,8.76,330,,,
2020-10-05 14:15 (EST),On Demand,Leanne Hainsby,45,Cycling,Intervals,45 min Intervals & Arms Ride,2020-09-30 13:30 (EST),355,132,48%,68,17.66,13.24,507,,,
2020-10-22 09:49 (EST),On Demand,Chelsea Jackson Roberts,30,Yoga,Music,30 min Soul Yoga Flow,2020-10-21 19:20 (EST),,,,,,,113,,,
2020-10-22 13:49 (EST),On Demand,Alex Toussaint,20,Cycling,Music,20 min 90s Hip Hop Ride,2020-10-21 17:00 (EST),146,121,42%,79,17.00,5.66,207,,,
2020-10-23 17:51 (EST),On Demand,Ally Love,15,Cycling,Theme,15 min Boss Ride,2020-10-22 06:36 (EST),110,123,44%,74,17.07,4.27,157,,,
2020-10-25 14:10 (EST),On Demand,Hannah Frankson,30,Cycling,Intervals,30 min Intervals Ride,2020-10-20 12:20 (EST),241,134,45%,75,17.99,8.99,344,,,
2020-10-27 14:03 (EST),On Demand,Kendall Toole,30,Cycling,Intervals,30 min Intervals & Arms Ride,2020-10-08 07:25 (EST),213,119,46%,68,17.04,8.52,304,,,
2020-10-30 18:13 (EST),On Demand,Jess King,30,Cycling,Theme,30 min The Jess King Experience,2020-10-29 19:53 (EST),232,129,44%,77,17.73,8.85,330,,,
2020-10-30 18:46 (EST),On Demand,Jess King,10,Strength,Arms & Light Weights,10 min Arms Toning,2020-09-16 09:00 (EST),,,,,,,53,,,
2020-10-31 18:40 (EST),On Demand,Jess King,30,Cycling,Theme,30 min Halloween Ride,2020-10-31 11:53 (EST),235,130,43%,80,17.84,8.92,334,,,
2020-10-31 19:16 (EST),On Demand,Olivia Amato,10,Strength,Arms & Light Weights,10 min Arms Toning,2020-10-19 06:39 (EST),,,,,,,53,,,
2020-11-05 18:26 (EST),On Demand,Hannah Frankson,45,Cycling,Music,45 min 2010s Ride,2020-10-31 07:20 (EST),308,114,43%,73,16.77,12.58,439,,,
2020-11-05 19:14 (EST),On Demand,Sam Yo,10,Strength,Arms & Light Weights,10 min Arms Toning,2020-11-05 13:02 (EST),,,,,,,53,,,
2020-11-06 07:32 (EST),On Demand,Jess King,30,Cycling,Theme,30 min The Jess King Experience,2020-11-05 19:49 (EST),218,121,43%,77,17.30,8.65,310,,,
2020-11-06 11:11 (EST),On Demand,Jess Sims,10,Stretching,Full Body Stretch,10 min Full Body Stretch,2020-10-14 10:00 (EST),,,,,,,27,,,
2020-11-07 17:56 (EST),On Demand,Chelsea Jackson Roberts,45,Yoga,Flow,45 min Yoga Flow,2020-11-04 07:51 (EST),,,,,,,171,,,
2020-11-08 08:00 (EST),Live,Alex Toussaint,45,Cycling,Intervals,45 min Intervals & Arms Ride,2020-11-07 13:22 (EST),320,119,45%,71,17.00,12.74,456,,,
2020-11-09 15:09 (EST),On Demand,Hannah Frankson,30,Cycling,Intervals,30 min Intervals Ride,2020-11-07 06:20 (EST),240,133,45%,75,17.94,8.97,341,,,
2020-11-09 15:41 (EST),On Demand,Hannah Frankson,10,Strength,Arms & Light Weights,10 min Arms Toning,2020-10-19 03:00 (EST),,,,,,,53,,,
2020-11-10 18:23 (EST),On Demand,Olivia Amato,45,Cycling,Intervals,45 min HIIT & Hills Ride,2020-11-09 05:53 (EST),364,135,47%,73,18.01,13.50,518,,,
2020-11-10 19:11 (EST),On Demand,Kendall Toole,5,Stretching,Pre & Post-Ride Stretch,5 min Post-Ride Stretch,2020-10-25 14:00 (EST),,,,,,,13,,,
2020-11-11 11:12 (EST),On Demand,Ross Rayburn,10,Yoga,Focus Flow,10 min Yoga Flow: Floor Poses,2020-11-11 08:35 (EST),,,,,,,39,,,
2020-11-11 20:43 (EST),On Demand,Hannah Frankson,45,Cycling,Music,45 min 90s Ride,2020-11-08 11:00 (EST),346,128,45%,74,17.79,13.34,493,,,
2020-11-11 21:30 (EST),On Demand,Emma Lovewell,10,Strength,Arms & Light Weights,10 min Arms Toning,2020-11-09 08:03 (EST),,,,,,,53,,,
2020-11-12 14:36 (EST),On Demand,Chelsea Jackson Roberts,45,Yoga,Focus Flow,45 min Yoga Flow: Forward Folds,2020-11-09 17:48 (EST),,,,,,,167,,,
2020-11-13 19:30 (EST),Live,Hannah Corbin,45,Cycling,Intervals,45 min Intervals & Arms Ride,2020-11-13 19:25 (EST),362,134,50%,66,17.91,13.44,515,,,
2020-11-15 07:57 (EST),On Demand,Alex & Tunde  ,30,Cycling,Music,30 min Beyonce Two for One Ride,2020-11-09 19:23 (EST),242,134,47%,73,18.05,9.02,344,,,
2020-11-15 08:30 (EST),On Demand,Ally Love,10,Strength,Arms & Light Weights,10 min Arms Toning,2020-11-14 14:30 (EST),,,,,,,53,,,
2020-11-16 16:30 (EST),On Demand,Kendall Toole,45,Cycling,Intervals,45 min Intervals & Arms Ride,2020-10-19 11:24 (EST),338,125,48%,67,17.34,13.00,481,,,
2020-11-17 20:35 (EST),Live,Tunde Oyeneyin,45,Cycling,Intervals,45 min Intervals & Arms Ride,2020-11-17 16:54 (EST),305,113,45%,70,16.76,12.56,434,,,
2020-11-18 14:17 (EST),On Demand,Robin Arzon,20,Cycling,Intervals,20 min HIIT Ride,2020-11-11 11:21 (EST),170,142,51%,68,18.25,6.08,242,,,
2020-11-19 13:53 (EST),On Demand,Hannah Frankson,30,Cycling,Music,30 min Hip Hop Ride,2020-11-17 12:30 (EST),253,140,46%,77,18.41,9.20,360,,,
2020-11-19 14:56 (EST),On Demand,Jess Sims,45,Strength,Full Body,45 min Full Body Strength,2020-11-06 08:19 (EST),,,,,,,239,,,
2020-11-21 18:01 (EST),On Demand,Robin Arzon,45,Cycling,Music,45 min Hip Hop Ride,2020-11-20 16:53 (EST),351,130,44%,79,17.83,13.36,499,,,
2020-11-21 18:48 (EST),On Demand,Cody Rigsby,10,Strength,Arms & Light Weights,10 min Arms Toning,2020-11-17 20:04 (EST),,,,,,,53,,,
2020-11-22 06:56 (EST),On Demand,Emma Lovewell,45,Cycling,Music,45 min 90s Ride,2020-10-05 07:18 (EST),350,130,46%,74,17.79,13.33,498,,,
2020-11-22 07:44 (EST),On Demand,Emma Lovewell,10,Strength,Arms & Light Weights,10 min Arms Toning,2020-10-12 08:03 (EST),,,,,,,53,,,
2020-11-24 18:48 (EST),On Demand,Emma Lovewell,20,Cycling,Intervals,20 min HIIT Ride,2020-11-16 07:55 (EST),161,134,45%,77,17.93,5.98,230,,,
2020-11-24 20:20 (EST),On Demand,Jess Sims,30,Strength,Full Body,30 min Alicia Keys Full Body Strength,2020-10-07 10:00 (EST),,,,,,,159,,,
2020-11-24 20:54 (EST),On Demand,Adrian Williams,10,Stretching,Full Body Stretch,10 min Full Body Stretch,2020-11-21 10:00 (EST),,,,,,,26,,,
2020-11-25 11:28 (EST),On Demand,Rebecca Kennedy,10,Stretching,Full Body Stretch,10 min Full Body Stretch,2020-11-22 10:00 (EST),,,,,,,27,,,
2020-11-25 13:26 (EST),On Demand,Olivia Amato,45,Cycling,Intervals,45 min Tabata Ride,2020-11-23 05:53 (EST),377,140,46%,75,18.24,13.67,537,,,
2020-11-26 09:18 (EST),On Demand,Hannah Frankson,45,Cycling,Intervals,45 min Intervals & Arms Ride,2020-11-24 12:25 (EST),337,125,47%,69,17.45,13.08,480,,,
2020-11-29 08:15 (EST),On Demand,Alex Toussaint,45,Cycling,Theme,45 min Turkey Burn Ride,2020-11-26 07:53 (EST),359,133,48%,71,17.89,13.41,512,,,
2020-11-29 09:03 (EST),On Demand,Alex Toussaint,10,Strength,Arms & Light Weights,10 min Arms Toning,2020-11-16 20:04 (EST),,,,,,,53,,,
2020-11-30 13:35 (EST),On Demand,Kendall Toole,45,Cycling,Intervals,45 min HIIT & Hills Ride,2020-11-29 07:54 (EST),386,143,48%,72,18.44,13.82,549,,,
2020-12-01 17:00 (EST),Live,Tunde Oyeneyin,45,Cycling,Music,45 min Pop Ride,2020-12-01 16:52 (EST),343,127,45%,75,17.66,13.22,488,,,
2020-12-03 14:28 (EST),On Demand,Robin Arzon,30,Cycling,Intervals,30 min Intervals & Arms Ride,2020-12-02 11:22 (EST),239,133,46%,73,17.92,8.96,340,,,
2020-12-06 09:35 (EST),On Demand,Kendall Toole,45,Cycling,Intervals,45 min Intervals & Arms Ride,2020-03-13 06:49 (EST),323,120,46%,69,17.06,12.80,460,,,
2020-12-07 13:49 (EST),On Demand,Alex Toussaint,45,Cycling,Theme,45 min Club Bangers Ride,2020-12-05 13:21 (EST),369,137,47%,74,18.14,13.60,525,,,
2020-12-09 12:20 (EST),On Demand,Alex Toussaint,30,Cycling,Music,30 min Hip Hop Ride,2020-12-07 19:21 (EST),251,140,46%,76,18.38,9.19,358,,,
2020-12-12 13:04 (EST),On Demand,Robin Arzon,45,Cycling,Live DJ,45 min Live DJ Ride,2020-12-11 18:52 (EST),338,133,44%,80,17.99,12.72,455,,,
2020-12-14 13:09 (EST),On Demand,Kendall Toole,45,Cycling,Intervals,45 min Intervals & Arms Ride,2020-12-13 07:55 (EST),345,128,47%,69,17.52,13.14,491,,,
2020-12-15 15:32 (EST),On Demand,Robin Arzon,45,Cycling,Intervals,45 min HIIT & Hills Ride,2020-12-04 16:53 (EST),373,138,47%,73,18.31,13.73,531,,,
2020-12-18 11:55 (EST),On Demand,Jess King,45,Cycling,Intervals,45 min Intervals & Arms Ride,2020-12-14 09:53 (EST),338,125,44%,76,17.49,13.11,481,,,
2020-12-21 11:59 (EST),On Demand,Ally Love,45,Cycling,Music,45 min 90s Ride,2020-12-21 07:20 (EST),321,119,44%,75,17.17,12.87,457,,,
2020-12-22 11:57 (EST),On Demand,Alex Toussaint,45,Cycling,Theme,45 min Club Bangers Ride,2020-12-19 13:23 (EST),324,120,43%,78,17.24,12.93,460,,,
2020-12-31 12:32 (EST),On Demand,Kendall Toole,20,Cycling,Music,20 min 90s Pop Ride,2020-12-26 09:00 (EST),158,132,43%,81,17.93,5.97,224,,,
2021-01-03 16:41 (EST),On Demand,Tunde Oyeneyin,20,Cycling,Theme,20 min Year of Yes Ride,2020-12-28 10:00 (EST),150,125,41%,83,17.65,5.88,213,,,
2021-01-03 17:03 (EST),On Demand,Tunde Oyeneyin,10,Strength,Arms & Light Weights,10 min Arms Toning,2020-11-24 09:00 (EST),,,,,,,53,,,
2021-01-04 12:09 (EST),On Demand,Jess King,45,Cycling,Theme,45 min JKE: New Years Eve Special,2020-12-31 09:00 (EST),338,125,46%,73,17.58,13.18,481,,,
2021-01-05 13:49 (-05),On Demand,Emma Lovewell,45,Cycling,Intervals,45 min Intervals & Arms Ride,2020-12-29 08:54 (-05),309,114,46%,68,16.83,12.62,439,,,
2021-01-06 09:43 (-05),On Demand,Kendall Toole,10,Cycling,Climb,10 min Climb Ride,2020-12-28 12:05 (-05),68,114,42%,75,16.80,2.80,97,,,
2021-01-06 11:50 (-05),On Demand,Hannah Frankson,45,Cycling,Intervals,45 min HIIT & Hills Ride,2021-01-04 13:55 (-05),254,94,41%,60,13.81,10.35,361,,,
2021-01-07 07:12 (-05),On Demand,Emma Lovewell,10,Cycling,Climb,10 min Climb Ride,2020-11-05 17:34 (-05),73,121,46%,70,17.22,2.87,103,,,
2021-01-08 17:34 (-05),On Demand,Tunde Oyeneyin,45,Cycling,Intervals,45 min Intervals & Arms Ride,2021-01-05 16:52 (-05),302,112,42%,78,16.84,12.62,431,,,
2021-01-09 07:34 (-05),On Demand,Emma Lovewell,20,Cycling,Intervals,20 min HIIT Ride,2021-01-07 17:35 (-05),159,133,45%,75,17.91,5.97,226,,,
2021-01-09 07:56 (-05),On Demand,Emma Lovewell,10,Strength,Arms & Light Weights,10 min Arms Toning,2020-12-28 08:08 (-05),,,,,,,53,,,
2021-01-10 07:22 (-05),On Demand,Hannah Frankson,45,Cycling,Intervals,45 min HIIT & Hills Ride,2020-10-17 05:19 (-05),352,131,45%,75,17.86,13.40,502,,,
2021-01-12 12:18 (-05),On Demand,Hannah Frankson,30,Cycling,Intervals,30 min Intervals & Arms Ride,2021-01-07 02:24 (-05),255,142,46%,76,18.54,9.26,363,,,
2021-01-18 12:42 (-05),On Demand,Emma Lovewell,30,Cycling,Intervals,30 min Intervals & Arms Ride,2021-01-11 07:51 (-05),219,122,43%,77,17.34,8.67,312,,,
2021-01-19 12:10 (-05),On Demand,Hannah Frankson,45,Cycling,Intervals,45 min Intervals & Arms Ride,2021-01-18 13:25 (-05),352,131,44%,77,17.91,13.43,502,,,
2021-01-20 12:55 (-05),On Demand,Olivia Amato,45,Cycling,Intervals,45 min Intervals & Arms Ride,2021-01-17 07:53 (-05),349,129,48%,67,17.64,13.23,497,,,
2021-01-26 20:08 (EST),On Demand,Chelsea Jackson Roberts,30,Yoga,Focus Flow,30 min Focus Flow: Quads,2021-01-20 07:50 (EST),,,,,,,110,,,
2021-01-27 12:19 (-05),On Demand,Kendall Toole,30,Cycling,Music,30 min Hip Hop Ride,2021-01-24 07:53 (-05),243,135,46%,75,18.01,9.00,346,,,
2021-02-03 19:44 (-05),On Demand,Christine D'Ercole,20,Cycling,Music,20 min 70s Ride,2021-02-03 08:23 (-05),158,131,44%,78,17.93,5.97,224,,,
2021-02-05 19:30 (EST),Live,Hannah Corbin,30,Cycling,Music,30 min Classic Rock Ride,2021-02-05 19:23 (EST),238,132,47%,71,17.87,8.93,339,,,
2021-02-07 07:31 (EST),On Demand,Kendall Toole,30,Cycling,Intervals,30 min Intervals & Arms Ride,2021-02-03 07:00 (EST),215,119,46%,69,17.07,8.53,305,,,
2021-02-08 07:23 (EST),On Demand,Hannah Frankson,30,Cycling,Intervals,30 min Intervals & Arms Ride,2021-02-04 01:55 (EST),218,121,46%,70,17.20,8.59,310,,,
2021-02-09 15:09 (EST),On Demand,Jess King,20,Cycling,Intervals,20 min Tabata Ride,2021-02-04 11:23 (EST),152,126,42%,81,17.50,5.83,228,165.81,,
2021-02-10 07:42 (EST),On Demand,Emma Lovewell,30,Cycling,Music,30 min Hip Hop Ride,2021-02-04 16:50 (EST),232,129,45%,76,17.69,8.84,330,,,
2021-02-11 07:28 (EST),On Demand,Tunde Oyeneyin,30,Cycling,Intervals,30 min HIIT Ride,2021-02-10 05:53 (EST),221,123,44%,73,16.99,8.50,340,163.05,,
2021-02-16 14:39 (EST),On Demand,Leanne Hainsby,30,Cycling,Intervals,30 min HIIT & Hills Ride,2021-02-08 02:55 (EST),232,129,48%,68,17.51,8.75,331,,,
2021-02-17 15:34 (EST),On Demand,Kendall Toole,30,Cycling,Intervals,30 min HIIT & Hills Ride,2021-02-15 11:23 (EST),239,133,47%,72,17.80,8.90,349,165.25,,
2021-02-19 13:54 (EST),On Demand,Hannah Frankson,45,Cycling,Intervals,45 min HIIT & Hills Ride,2021-02-13 06:55 (EST),359,133,48%,69,17.80,13.35,511,,,
2021-02-22 13:01 (EST),On Demand,Kendall Toole,45,Cycling,Intervals,45 min HIIT & Hills Ride,2021-01-31 07:55 (EST),369,137,51%,65,17.98,13.48,525,,,
2021-02-23 14:04 (-05),On Demand,Alex Toussaint,45,Cycling,Intervals,45 min HIIT & Hills Ride,2021-01-18 19:21 (-05),360,133,48%,72,17.96,13.47,512,,,
2021-03-01 13:43 (-05),On Demand,Tunde Oyeneyin,30,Cycling,Intervals,30 min Intervals & Arms Ride,2021-02-24 07:51 (-05),216,120,46%,70,17.20,8.60,307,,,
2021-03-02 14:01 (-05),On Demand,Hannah Frankson,30,Cycling,Intervals,30 min HIIT & Hills Ride,2021-02-27 06:55 (-05),238,132,47%,72,17.86,8.93,339,,,
2021-03-06 18:48 (EST),On Demand,Chelsea Jackson Roberts,45,Yoga,Flow,45 min Yoga Flow,2021-02-11 09:52 (EST),,,,,,,164,,,
2021-03-08 13:40 (-05),On Demand,Emma Lovewell,30,Cycling,Music,30 min 90s Pop Ride,2021-03-08 07:53 (-05),225,125,42%,80,17.44,8.73,320,,,
2021-03-13 07:36 (-05),On Demand,Kendall Toole,15,Cycling,Music,15 min New Tracks Ride,2021-02-03 07:00 (-05),113,125,45%,73,17.50,4.37,160,,,
2021-03-15 13:40 (-04),Live,Emma Lovewell,30,Cycling,Intervals,30 min Intervals & Arms Ride,2021-03-12 11:30 (-04),230,131,51%,63,17.64,8.62,327,,,
2021-03-18 13:08 (-04),On Demand,Emma Lovewell,30,Cycling,Intervals,30 min HIIT & Hills Ride,2021-03-09 17:49 (-04),234,130,48%,68,17.67,8.84,333,,,
2021-03-22 19:30 (-04),Live,Christine D'Ercole,30,Cycling,Music,30 min 90s Rock Ride,2021-03-22 19:22 (-04),233,129,43%,82,17.89,8.95,332,,,
2021-03-22 20:03 (-04),On Demand,Kendall Toole,15,Cycling,Intervals,15 min HIIT Ride,2021-03-15 12:03 (-04),114,127,47%,68,17.40,4.35,163,,,
2021-03-23 14:03 (-04),On Demand,Olivia Amato,30,Cycling,Intervals,30 min HIIT & Hills Ride,2021-03-22 05:51 (-04),248,138,49%,69,18.16,9.07,353,,,
2021-03-25 13:20 (-04),On Demand,Kendall Toole,30,Cycling,Intervals,30 min Intervals & Arms Ride,2021-03-24 07:54 (-04),219,122,49%,63,17.16,8.58,311,,,
2021-03-27 08:12 (-04),On Demand,Emma Lovewell,45,Cycling,Intervals,45 min Intervals & Arms Ride,2021-03-25 16:50 (-04),299,111,46%,65,16.54,12.41,426,,,
2021-03-29 13:35 (-04),On Demand,Hannah Frankson,45,Cycling,Intervals,45 min Interval & Arms Ride,2021-03-15 14:25 (-04),333,123,46%,71,17.36,13.02,474,,,
2021-03-30 18:46 (-04),On Demand,Alex Toussaint,30,Cycling,Theme,30 min AT's Ride to Greatness,2021-03-27 13:22 (-04),256,142,46%,79,18.51,9.26,365,,,
2021-03-30 19:19 (-04),On Demand,Alex Toussaint,10,Strength,Arms & Light Weights,10 min Arms & Light Weights,2021-03-29 20:06 (-04),,,,,,,53,,,
2021-03-31 14:10 (-04),Live,Alex Toussaint,45,Cycling,Music,45 min Hip Hop Ride,2021-03-30 16:52 (-04),329,122,44%,75,17.32,12.99,469,,,
2021-04-03 14:52 (-04),On Demand,Hannah Frankson,45,Cycling,Music,45 min Pop Ride,2021-03-27 06:55 (-04),316,117,45%,70,16.88,12.67,450,,,
2021-04-06 14:20 (-04),Live,Hannah Frankson,30,Cycling,Intervals,30 min Intervals & Arms Ride,2021-04-03 04:00 (-04),204,113,45%,69,16.63,8.32,291,,,
2021-04-07 18:26 (-04),On Demand,Kendall Toole,20,Cycling,Music,20 min 90s Ride,2021-04-03 14:00 (-04),152,127,45%,74,17.47,5.82,216,,,
2021-04-07 18:50 (-04),On Demand,Kendall Toole,10,Strength,Arms & Light Weights,10 min Arms Toning,2021-02-16 10:00 (-04),,,,,,,53,,,
2021-04-08 18:43 (-04),On Demand,Ally Love,15,Cycling,Intervals,15 min Intro to Tabata Ride,2020-12-23 11:00 (-04),115,127,40%,85,17.53,4.38,163,,,
2021-04-09 13:08 (-04),On Demand,Sam Yo,45,Cycling,Intervals,45 min Intervals & Arms Ride,2021-04-03 12:00 (-04),305,113,46%,66,16.64,12.49,435,,,
2021-04-10 20:27 (-04),On Demand,Emma Lovewell,10,Cycling,Climb,10 min Climb Ride,2021-03-22 08:36 (-04),80,134,48%,69,18.06,3.01,114,,,
2021-04-10 20:39 (-04),On Demand,Jess King,15,Strength,Pilates,15 min Pilates,2021-04-06 09:00 (-04),,,,,,,80,,,
2021-04-10 20:57 (-04),On Demand,Chase Tucker,15,Strength,Bodyweight,15 min Bodyweight Strength,2021-04-07 11:51 (-04),,,,,,,80,,,
2021-04-10 21:14 (-04),On Demand,Selena Samuela,10,Stretching,Full Body Stretch,10 min Full Body Stretch,2021-03-31 10:00 (-04),,,,,,,27,,,
2021-04-19 13:42 (-04),On Demand,Hannah Frankson,30,Cycling,Intervals,30 min Intervals & Arms Ride,2021-04-15 02:24 (-04),212,118,43%,74,17.04,8.52,302,,,
2021-04-22 14:06 (-04),On Demand,Hannah Frankson,15,Cycling,Climb,15 min Climb Ride,2021-04-08 02:51 (-04),118,131,48%,69,17.71,4.43,167,,,
2021-04-22 14:22 (-04),On Demand,Jess King,10,Strength,Arms & Light Weights,10 min Arms & Light Weights,2021-04-18 14:08 (-04),,,,,,,53,,,
2021-04-22 14:34 (-04),On Demand,Kendall Toole,15,Strength,Pilates,15 min Pilates,2021-04-06 09:00 (-04),,,,,,,80,,,
2021-04-22 18:53 (EST),On Demand,Chelsea Jackson Roberts,45,Yoga,Power,45 min Power Yoga,2021-03-25 09:50 (EST),,,,,,,172,,,
2021-04-26 13:38 (-04),On Demand,Kendall Toole,30,Cycling,Intervals,30 min Intervals & Arms Ride,2021-04-19 11:20 (-04),211,117,46%,68,16.96,8.48,300,,,
2021-04-26 19:48 (EST),On Demand,Jess Sims,45,Strength,Full Body,45 min Full Body Strength,2021-04-15 10:00 (EST),,,,,,,239,,,
2021-04-26 20:37 (EST),On Demand,Andy Speer,10,Stretching,Full Body Stretch,10 min Full Body Stretch,2021-04-22 10:00 (EST),,,,,,,27,,,
2021-04-27 14:21 (-04),On Demand,Hannah Frankson,30,Cycling,Intervals,30 min Tabata Ride,2021-04-23 08:55 (-04),238,132,46%,75,17.85,8.93,338,,,
2021-04-27 14:53 (-04),On Demand,Hannah Frankson,10,Strength,Arms & Light Weights,10 min Arms & Light Weights,2021-04-09 09:32 (-04),,,,,,,53,,,
2021-04-29 14:19 (EST),On Demand,Ally Love,20,Strength,Pilates,20 min Pilates,2021-04-06 09:00 (EST),,,,,,,84,97.45,,
2021-04-29 14:40 (EST),On Demand,Adrian Williams,15,Strength,Upper Body,15 min Arms & Shoulders Strength,2021-04-29 11:49 (EST),,,,,,,79,,,
2021-05-03 18:38 (-04),On Demand,Hannah Frankson,30,Cycling,Intervals,30 min HIIT & Hills Ride,2021-04-30 04:55 (-04),146,96,43%,57,13.09,5.55,208,,,
2021-05-04 18:35 (-04),On Demand,Kendall Toole,20,Cycling,Climb,20 min Climb Ride,2021-04-12 11:22 (-04),158,132,45%,76,17.81,5.94,225,,,
2021-05-05 20:40 (EST),On Demand,Aditi Shah,30,Yoga,Theme,30 min Flow & Let Go,2021-05-02 14:52 (EST),,,,,,,94,,,
2021-05-17 19:35 (-04),On Demand,Olivia Amato,45,Cycling,Intervals,45 min HIIT & Hills Ride,2021-05-17 05:53 (-04),358,133,49%,68,17.86,13.39,510,,,
2021-05-17 20:23 (-04),On Demand,Olivia Amato,10,Strength,Arms & Light Weights,10 min APIHM Arms & Light Weights,2021-05-07 09:00 (-04),,,,,,,53,,,
2021-06-04 19:33 (-04),On Demand,Olivia Amato,30,Cycling,Intervals,30 min HIIT & Hills Ride,2021-06-04 07:52 (-04),246,137,50%,66,17.91,8.96,269,133.78,,
2021-06-05 20:34 (-04),On Demand,Hannah Frankson,30,Cycling,Intervals,30 min Tabata Ride,2021-05-21 08:55 (-04),241,134,47%,72,17.97,8.99,343,,,
2021-06-05 21:06 (-04),On Demand,Hannah Frankson,10,Strength,Arms & Light Weights,10 min Arms & Light Weights,2021-05-28 09:32 (-04),,,,,,,53,,,
2021-06-06 20:48 (-04),On Demand,Hannah Frankson,30,Cycling,Intervals,30 min Intervals & Arms Ride,2021-06-03 02:24 (-04),214,119,44%,73,17.12,8.56,305,,,
2021-06-16 20:17 (-04),On Demand,Kendall Toole,45,Cycling,Intervals,45 min Intervals & Arms Ride,2021-06-02 07:54 (-04),313,116,45%,69,16.73,12.55,446,,,
2021-06-17 21:51 (-04),On Demand,Emma Lovewell,30,Cycling,Music,30 min 90s Pop Ride,2021-06-14 07:52 (-04),233,130,45%,77,17.80,8.90,332,,,
2021-06-20 19:55 (-04),On Demand,Alex Toussaint,45,Cycling,Intervals,45 min HIIT & Hills Ride,2021-06-15 16:54 (-04),360,133,45%,77,18.03,13.52,512,,,
2021-06-20 20:43 (-04),On Demand,Cody Rigsby,10,Strength,Arms & Light Weights,10 min Arms & Light Weights,2021-06-16 17:34 (-04),,,,,,,53,,,
2021-06-25 20:11 (-04),On Demand,Hannah Frankson,45,Cycling,Intervals,45 min HIIT & Hills Ride,2021-05-29 04:25 (-04),387,143,49%,71,18.53,13.90,551,,,
2021-06-25 20:59 (-04),On Demand,Hannah Frankson,10,Strength,Arms & Light Weights,10 min Arms & Light Weights,2021-06-11 09:32 (-04),,,,,,,53,,,
2021-06-26 20:38 (-04),On Demand,Ally Love,30,Cycling,Intervals,30 min Intervals & Arms Ride,2021-06-22 07:51 (-04),202,112,44%,70,16.78,8.39,288,,,
2021-06-29 18:59 (-04),On Demand,Jess King,20,Cycling,Music,20 min 90s Ride,2021-06-28 17:00 (-04),150,125,42%,80,17.53,5.84,213,,,
2021-06-29 19:21 (-04),On Demand,Emma Lovewell,10,Strength,Arms & Light Weights,10 min Arms & Light Weights,2021-06-27 08:35 (-04),,,,,,,53,,,
2021-06-29 19:33 (-04),On Demand,Aditi Shah,10,Yoga,Focus Flow,10 min Focus Flow: Hips,2021-06-29 08:36 (-04),,,,,,,39,,,
2021-06-29 19:43 (-04),On Demand,Hannah Corbin,15,Stretching,Lower Body Stretch,15 min Hips Stretch,2021-06-03 10:00 (-04),,,,,,,40,,,
2021-06-30 20:22 (-04),On Demand,Hannah Frankson,20,Cycling,Intervals,20 min HIIT Ride,2021-06-23 14:30 (-04),155,129,44%,77,17.72,5.91,220,,,
2021-06-30 20:45 (-04),On Demand,Mariana Fernandez,20,Yoga,Focus Flow,20 min Focus Flow: Goddess,2021-06-25 08:27 (-04),,,,,,,75,,,
2021-07-03 08:01 (-04),On Demand,Kendall Toole,45,Cycling,Music,45 min AFO Ride: Gwen Stefani,2021-07-01 17:49 (-04),314,116,43%,75,16.92,12.69,448,,,
2021-07-03 08:49 (-04),On Demand,Kendall Toole,10,Strength,Arms & Light Weights,10 min AFO Arms: Demi Lovato,2021-07-02 08:00 (-04),,,,,,,53,,,
2021-07-03 09:00 (-04),On Demand,Robin Arzon,10,Stretching,Lower Body Stretch,10 min Lower Body Stretch,2021-06-28 10:00 (-04),,,,,,,27,,,
2021-07-06 20:48 (-04),On Demand,Kendall Toole,45,Cycling,Intervals,45 min Intervals & Arms Ride,2021-06-02 07:54 (-04),337,125,45%,73,17.43,13.07,688,196.19,,
2021-07-08 07:06 (-04),On Demand,Emma Lovewell,20,Cycling,Music,20 min AFO Ride: Doja Cat,2021-07-03 08:00 (-04),145,121,44%,76,17.17,5.73,206,,,
2021-07-08 07:29 (-04),On Demand,Ally Love,10,Strength,Arms & Light Weights,10 min AFO Arms: Tina Turner,2021-07-03 08:00 (-04),,,,,,,53,,,
2021-07-11 08:00 (-04),Live,Kendall Toole,30,Cycling,Music,30 min Pop Ride,2021-07-11 07:54 (-04),221,123,46%,71,17.26,8.63,314,,,
2021-07-12 19:30 (-04),Live,Alex Toussaint,30,Cycling,Music,30 min New Tracks Ride,2021-07-12 19:22 (-04),250,139,48%,72,18.34,9.17,357,,,
2021-07-12 20:05 (-04),On Demand,Alex Toussaint,10,Strength,Arms & Light Weights,10 min Arms & Light Weights,2021-06-23 09:00 (-04),,,,,,,53,,,
2021-07-14 08:13 (-04),On Demand,Olivia Amato,45,Cycling,Intervals,45 min HIIT & Hills Ride,2021-06-21 05:53 (-04),367,136,50%,67,17.99,13.50,522,,,
2021-07-14 09:01 (-04),On Demand,Kendall Toole,10,Strength,Arms & Light Weights,10 min Arms & Light Weights,2021-07-13 09:00 (-04),,,,,,,53,,,
2021-07-17 19:24 (-04),On Demand,Olivia Amato,45,Cycling,Intervals,45 min Intervals & Arms Ride,2021-07-12 05:52 (-04),349,129,49%,67,17.70,13.27,497,,,
2021-07-18 20:11 (-04),On Demand,Tunde Oyeneyin,45,Cycling,Intervals,45 min HIIT & Hills Ride,2021-07-17 09:24 (-04),364,135,49%,69,18.05,13.54,518,,,
2021-07-18 20:59 (-04),On Demand,Tunde Oyeneyin,10,Strength,Arms & Light Weights,10 min Arms & Light Weights,2021-07-15 09:00 (-04),,,,,,,0,,,
2021-07-23 11:37 (-04),On Demand,Hannah Frankson,30,Cycling,Intervals,30 min HIIT Ride,2021-07-22 02:25 (-04),262,146,48%,73,18.70,9.35,374,,,
2021-07-23 12:09 (-04),On Demand,Hannah Frankson,10,Strength,Arms & Light Weights,10 min Arms & Light Weights,2021-07-19 14:02 (-04),,,,,,,0,,,
2021-07-24 20:52 (-04),On Demand,Robin Arzon,45,Cycling,Music,45 min Queen Pop Ride,2018-10-22 17:19 (-04),363,135,48%,72,18.06,13.55,517,,,
2021-08-03 19:53 (-04),On Demand,Robin Arzon,45,Cycling,Music,45 min Hip Hop Ride,2021-07-22 11:24 (-04),342,127,44%,79,17.62,13.22,486,,,
2021-08-03 20:41 (-04),On Demand,Tunde Oyeneyin,10,Strength,Arms & Light Weights,10 min Arms & Light Weights,2021-08-02 09:00 (-04),,,,,,,53,,,
2021-08-04 20:27 (-04),On Demand,Tunde Oyeneyin,45,Cycling,Intervals,45 min Intervals & Arms Ride,2021-07-24 09:25 (-04),306,113,45%,69,16.80,12.60,435,,,
2021-08-07 21:27 (-04),On Demand,Robin Arzon,30,Cycling,Theme,30 min Together We Ride,2021-07-09 16:50 (-04),238,132,46%,76,17.96,8.98,338,,,
2021-08-07 22:00 (-04),On Demand,Ally Love,10,Strength,Arms & Light Weights,10 min Arms & Light Weights,2021-08-03 09:00 (-04),,,,,,,53,,,
2021-08-08 21:17 (-04),On Demand,Hannah Frankson,45,Cycling,Climb,45 min Climb Ride,2021-06-26 04:25 (-04),375,139,49%,69,18.32,13.74,534,,,
2021-08-15 20:29 (-04),On Demand,Robin Arzon,20,Cycling,Intervals,20 min HIIT Ride,2021-07-24 13:00 (-04),163,136,48%,69,18.01,6.00,233,,,
2021-08-15 20:52 (-04),On Demand,Emma Lovewell,10,Strength,Arms & Light Weights,10 min Arms & Light Weights,2021-08-15 10:05 (-04),,,,,,,53,,,
2021-08-18 20:48 (-04),On Demand,Robin Arzon,45,Cycling,Music,45 min Hip Hop Ride,2021-08-18 11:26 (-04),336,125,45%,76,17.56,13.17,479,,,
2021-08-28 08:34 (-04),On Demand,Olivia Amato,45,Cycling,Intervals,45 min Intervals & Arms Ride,2021-08-16 05:52 (-04),318,118,50%,60,16.93,12.70,453,,,
2021-08-29 08:00 (-04),Live,Kendall Toole,45,Cycling,Intervals,45 min Intervals & Arms Ride,2021-08-29 07:51 (-04),308,114,48%,64,16.76,12.57,438,,,
2021-08-30 19:30 (-04),Live,Cody Rigsby,45,Cycling,Intervals,45 min Intervals & Arms Ride,2021-08-30 19:22 (-04),347,128,51%,63,17.65,13.24,494,,,
2021-09-01 19:30 (-04),Live,Kendall Toole,30,Cycling,Music,30 min Verzuz Ride,2021-09-01 19:25 (-04),253,141,49%,71,18.44,9.22,361,,,
2021-09-08 18:25 (-04),On Demand,Emma Lovewell,45,Cycling,Intervals,45 min Intervals & Arms Ride,2021-08-12 16:53 (-04),311,115,46%,67,16.85,12.64,443,,,
2021-10-13 18:33 (-04),On Demand,Jess King,30,Cycling,Intervals,30 min HIIT Ride,2021-10-13 07:24 (-04),215,120,43%,77,17.14,8.57,307,,,
2021-10-13 19:05 (-04),On Demand,Jess King,10,Strength,Arms & Light Weights,10 min Arms & Light Weights,2021-06-02 12:08 (-04),,,,,,,53,,,
2021-10-14 18:11 (-04),On Demand,Hannah Frankson,30,Cycling,Music,30 min 80s Ride,2021-10-13 08:55 (-04),213,118,44%,74,17.15,8.58,303,,,
2021-10-18 18:36 (-04),On Demand,Hannah Frankson,30,Cycling,Music,30 min 80s Ride,2021-06-25 08:55 (-04),213,118,44%,74,17.09,8.54,303,,,
2021-10-24 08:16 (-04),On Demand,Olivia Amato,20,Cycling,Climb,20 min Climb Ride,2021-10-21 10:00 (-04),138,115,48%,61,16.21,5.40,195,,,
2021-10-24 08:37 (-04),On Demand,Olivia Amato,10,Strength,Arms & Light Weights,10 min Arms & Light Weights,2021-09-10 08:36 (-04),,,,,,,53,,,
2021-10-25 12:24 (-04),On Demand,Robin Arzon,45,Cycling,Intervals,45 min HIIT & Hills Ride,2021-10-13 11:51 (-04),336,124,48%,67,17.46,13.10,476,,,
2021-11-01 12:34 (-04),On Demand,Camila Ramon,20,Cycling,Theme,20 min Day of the Dead Ride,2021-11-01 10:00 (-04),137,114,42%,79,16.95,5.65,194,,,
2021-11-01 19:26 (-04),On Demand,Kendall Toole,45,Cycling,Theme,45 min Halloween Ride,2021-10-31 07:52 (-04),273,101,44%,66,15.92,11.94,387,,,
2021-11-02 21:35 (EST),On Demand,Leanne Hainsby,10,Strength,Arms & Light Weights,10 min Arms & Light Weights,2021-11-01 15:02 (EST),,,,,,,53,,,
2021-11-03 13:40 (-04),On Demand,Robin Arzon,20,Cycling,Low Impact,20 min Low Impact Ride,2021-11-01 11:00 (-04),119,99,40%,77,16.03,5.35,168,,,
2021-11-04 20:00 (-04),Live,Jess King,30,Cycling,Theme,30 min The Jess King Experience,2021-11-04 19:50 (-04),208,116,45%,71,17.05,8.52,295,,,
2021-11-05 17:12 (-04),On Demand,Robin Arzon,30,Cycling,Intervals,30 min HIIT & Hills Ride,2021-09-23 11:23 (-04),240,133,49%,69,17.94,8.97,341,,,
2021-11-05 17:44 (-04),On Demand,Emma Lovewell,10,Strength,Arms & Light Weights,10 min Arms & Light Weights,2021-11-04 10:04 (-04),,,,,,,53,,,
2021-11-07 20:20 (EST),On Demand,Selena Samuela,5,Strength,Core,5 min Core Strength,2021-11-07 13:38 (EST),,,,,,,26,,,
2021-11-07 20:27 (EST),On Demand,Rad Lopez,5,Strength,Warm Up,5 min Full Body Strength Warm Up,2021-11-01 10:00 (EST),,,,,,,26,,,
2021-11-07 20:45 (EST),On Demand,Rebecca Kennedy,5,Strength,Warm Up,5 min Full Body Strength Warm Up,2021-06-10 10:00 (EST),,,,,,,26,,,
2021-11-07 21:15 (EST),On Demand,Ally Love,5,Strength,Barre,5 min Barre Cool Down,2021-04-23 10:00 (EST),,,,,,,21,,,
2021-11-08 18:56 (-05),On Demand,Alex Toussaint,45,Cycling,Music,45 min Hip Hop Ride,2021-11-01 17:23 (-05),342,127,44%,76,17.64,13.23,485,,,
2021-11-08 19:46 (-05),On Demand,Alex Toussaint,10,Strength,Arms & Light Weights,10 min Arms & Light Weights,2021-10-25 18:09 (-05),,,,,,,53,,,
2021-11-09 17:28 (-05),On Demand,Emma Lovewell,45,Cycling,Music,45 min 90s Ride,2021-11-01 15:50 (-05),343,127,45%,75,17.67,13.25,487,,,
2021-11-09 18:17 (-05),On Demand,Camila Ramon,10,Strength,Arms & Light Weights,10 min Arms & Light Weights,2021-10-05 18:00 (-05),,,,,,,53,,,
